ModelID,ModelName,VehicleTypeID
1,Aerio,5
2,Esteem,5
3,Grand Vitara,6
4,Samurai,6
5,Sidekick,6
6,Swift,5
7,Vitara,6
8,X-90,6
9,XL-7,6
10,911,5
11,912,5
12,914,5
13,924,5
14,928,5
15,930,5
16,944,5
17,968,5
18,Boxster,5
19,Cayenne,6
20,Excel,5
21,Sonata,5
22,Scoupe,5
23,Elantra,5
24,Accent,5
25,Tiburon,5
26,Santa Fe,6
27,XG300,5
28,XG350,5
29,Marina,5
30,II,5
31,SM,5
32,124,5
33,128,5
34,131,5
35,Brava,5
37,Strada,5
38,X-1/9,5
39,Beta,5
42,Zagato,5
43,Healey,5
44,Interceptor,5
45,3500,5
46,Defender 110,6
47,Defender 90,6
48,Discovery,6
49,Freelander,6
50,Range Rover,6
51,4/4,5
52,Plus 8,5
53,Baja,6
54,Brat,6
55,DL,5
56,FE,5
57,Forester,6
58,GF,5
59,GL,5
60,GL-10,5
61,GLF,5
62,Impreza,5
63,Justy,5
64,Legacy,5
65,Loyale,5
66,Outback,5
67,RX,5
68,SVX,5
69,Standard,5
70,XT,5
71,Spitfire,5
72,TR6,5
73,TR7,5
74,TR8,5
75,GV,5
76,GVL,5
77,GVS,5
78,GVX,5
79,Cabrio,5
80,164,5
81,Alfetta,5
82,GTV-6,5
83,Milano,5
84,Spider,5
85,Sport,5
86,Sprint,5
87,Marathon,5
88,Lanos,5
89,Leganza,5
90,Nubira,5
91,Charade,5
92,Rocky,6
93,S-Type,5
94,Vanden Plas,5
95,XJ12,5
96,XJ6,5
97,XJ8,5
98,XJR,5
99,XJRS,5
100,XJS,5
101,XK8,5
102,XKR,5
103,X-Type,5
104,Optima,5
105,Rio,5
106,Sedona,7
107,Sephia,5
108,Sorento,6
109,Spectra,5
110,Sportage,6
111,1900,5
112,Manta,5
114,Opel,5
115,Alliance,5
116,Encore,5
117,Fuego,5
118,LeCar,5
119,R12,5
120,R15,5
121,R17,5
122,R18i,5
123,R5,5
124,Limited,5
125,Phaeton,5
126,Laforza,6
129,240,5
130,242,5
131,244,5
132,245,5
133,262,5
134,264,5
135,265,5
136,740,5
137,745,5
138,760,5
139,780,5
140,850,5
141,940,5
142,960,5
143,C70,5
144,S40,5
145,S60,5
146,S70,5
147,S80,5
148,S90,5
149,V40,5
150,V70,5
151,V90,5
152,XC70,5
153,XC90,6
154,504,5
155,604,5
156,505,5
157,405,5
158,S7,5
159,Series 1,5
160,2002,5
161,3.0Si,5
162,318i,5
163,318is,5
164,318ti,5
165,320i,5
166,323Ci,5
167,323i,5
168,323is,5
169,325,5
170,325Ci,5
171,325e,5
173,325i,5
174,325is,5
175,325iX,5
176,325xi,5
177,328Ci,5
178,328i,5
179,328is,5
180,330Ci,5
181,330i,5
182,330xi,5
183,524td,5
184,525i,5
185,528e,5
186,528i,5
187,530i,5
188,533i,5
189,535i,5
190,535is,5
191,540i,5
192,630CSi,5
193,633CSi,5
194,635CSi,5
195,733i,5
196,735i,5
197,735iL,5
198,740i,5
199,740iL,5
200,745i,5
201,745Li,5
202,750iL,5
203,760Li,5
204,840Ci,5
205,850Ci,5
206,850CSi,5
207,850i,5
208,L6,5
209,L7,5
210,M3,5
211,M5,5
212,M6,5
213,X5,6
214,Z3,5
215,Z4,5
216,Z8,5
218,Cooper,5
219,Mangusta,5
220,DMC 12,5
221,AIV Roadster,5
222,Esperante,5
223,Amigo,6
224,Ascender,6
225,Axiom,6
226,Hombre,6
227,I-Mark,5
228,Impulse,5
229,Oasis,7
230,Pickup,6
231,Rodeo,6
232,Rodeo Sport,6
233,Stylus,5
234,Trooper,6
235,VehiCROSS,6
236,Countach,5
237,Diablo,5
238,Espada,5
239,Jalpa,5
240,Jarama,5
242,Murcielago,5
243,Urraco,5
246,300M,5
247,Cirrus,5
248,Concorde,5
249,Conquest,5
250,Cordoba,5
251,E Class,5
252,Executive Limousine,5
253,Executive Sedan,5
254,Fifth Avenue,5
255,Grand Voyager,7
256,Imperial,5
257,LHS,5
258,Laser,5
259,LeBaron,5
260,New Yorker,5
261,Newport,5
262,PT Cruiser,5
263,Prowler,5
264,Sebring,5
265,TC Maserati,5
266,Town & Country,5
268,Voyager,7
269,RD200,6
270,B100 Van,7
271,400,5
272,600,5
273,Aries,5
274,Aspen,5
275,Avenger,5
278,B200 Van,7
281,B300 Van,7
284,Caravan,7
285,CB300,7
286,Challenger,5
287,Charger,5
288,Colt,5
289,Coronet,5
290,D100 Pickup,6
292,D200 Pickup,6
294,D300 Pickup,6
299,Dakota,6
300,Dart,5
301,Daytona,5
302,Diplomat,5
303,Durango,6
304,Dynasty,5
305,Grand Caravan,7
306,Intrepid,5
307,Lancer,5
308,Magnum,5
309,Mini Ram,7
310,Mirada,5
311,Monaco,5
312,Neon,5
313,Omni,5
314,Power Ram 50,6
315,Raider,6
322,Ram 50,6
323,Ramcharger,6
324,Rampage,6
326,Royal Monaco,5
327,Shadow,5
328,Spirit,5
329,St. Regis,5
330,Stealth,5
331,Stratus,5
332,Viper,5
333,W100 Pickup,6
335,W200 Pickup,6
337,W300 Pickup,6
339,Medallion,5
340,Premier,5
341,Summit,5
342,Talon,5
343,Vision,5
344,CJ5,6
345,CJ6,6
346,CJ7,6
347,Cherokee,6
348,Comanche,6
349,Grand Cherokee,6
350,Grand Wagoneer,6
351,J10,6
352,J20,6
353,Liberty,6
354,Scrambler,6
355,Wagoneer,6
356,Wrangler,6
357,Acclaim,5
358,Arrow,5
360,Breeze,5
361,Caravelle,5
362,Champ,5
363,Duster,5
364,Fury,5
365,Gran Fury,5
366,Horizon,5
367,PB100 Van,7
369,PB200 Van,7
371,PB300 Van,7
373,Reliant,5
374,Road Runner,5
375,Sapporo,5
376,Scamp,5
377,Sundance,5
378,Trailduster,6
379,Valiant,5
380,Volare,5
383,Hummer,6
384,Apollo,5
385,Century,5
386,Electra,5
387,Estate Wagon,5
388,LeSabre,5
390,Park Avenue,5
391,Reatta,5
392,Regal,5
393,Rendezvous,6
394,Riviera,5
395,Roadmaster,5
396,Commercial Chassis,5
397,Skyhawk,5
398,Skylark,5
399,Somerset,5
400,Somerset Regal,5
401,Allante,5
402,CTS,5
403,Calais,5
404,Catera,5
405,Cimarron,5
406,DeVille,5
408,Eldorado,5
409,Fleetwood,5
410,Escalade,6
411,60 Special,5
412,Brougham,5
413,Seville,5
414,XLR,5
415,Astro,7
416,Avalanche 1500,6
417,Avalanche 2500,6
418,Bel Air,5
419,Beretta,5
420,Blazer,6
421,K5 Blazer,6
422,C10,6
423,C10 Suburban,6
424,C1500,6
425,C1500 Suburban,6
426,C20,6
427,C20 Suburban,6
428,C2500,6
429,C2500 Suburban,6
430,C30,6
431,C3500,6
432,Camaro,5
433,Caprice,5
434,Cavalier,5
435,Celebrity,5
436,Chevette,5
437,Citation,5
438,Citation II,5
439,Corsica,5
440,Corvette,5
441,El Camino,6
445,Express 1500,7
446,G10,7
447,Express 2500,7
448,G20,7
449,Express 3500,7
450,G30,7
451,Impala,5
452,K10,6
453,K10 Suburban,6
454,K1500,6
455,K1500 Suburban,6
456,K20,6
457,K20 Suburban,6
458,K2500,6
459,K2500 Suburban,6
460,K30,6
461,K3500,6
462,LLV,7
463,LUV,6
464,Laguna,5
465,Lumina,5
466,Lumina APV,7
468,Malibu,5
469,Metro,5
470,Monte Carlo,5
471,Monza,5
472,Nova,5
473,P10,7
474,P20,7
475,P30,7
476,Prizm,5
477,R10,6
478,R10 Suburban,6
479,R1500 Suburban,6
480,R20,6
481,R20 Suburban,6
482,R2500,6
483,R2500 Suburban,6
484,R30,6
485,R3500,6
486,S10 Blazer,6
488,S10,6
489,Trailblazer,6
491,Silverado 1500,6
492,Silverado 1500 HD,6
493,Silverado 2500,6
494,Silverado 2500 HD,6
495,Silverado 3500,6
496,Spectrum,5
497,Suburban 1500,6
498,Suburban 2500,6
499,Tahoe,6
500,Tracker,6
501,V10,6
502,V10 Suburban,6
503,V1500 Suburban,6
504,V20,6
505,V20 Suburban,6
506,V2500 Suburban,6
507,V30,6
508,V3500,6
509,Vega,5
510,Venture,7
511,C15,6
512,C15 Suburban,6
513,C25,6
514,C25 Suburban,6
515,C35,6
516,Caballero,6
519,Envoy,6
520,G15,7
521,G1500,7
522,Savana 1500,7
523,G25,7
524,G2500,7
525,Savana 2500,7
526,G35,7
527,G3500,7
528,Savana 3500,7
529,Jimmy,6
530,K15,6
531,K15 Suburban,6
532,K25,6
533,K25 Suburban,6
534,K35,6
535,P15,7
536,P1500,7
537,P25,7
538,P2500,7
539,P35,7
540,P3500,7
541,R1500,6
542,S15 Jimmy,6
543,S15,6
544,Sonoma,6
545,Syclone,6
546,Typhoon,6
547,Safari,7
548,Sierra 1500,6
549,Sierra 1500 HD,6
550,Sierra 2500,6
551,Sierra 2500 HD,6
552,Sierra 3500,6
555,Sprint,6
556,V1500,6
557,V2500,6
558,Yukon,6
559,Yukon XL 1500,6
560,Yukon XL 2500,6
562,Storm,5
565,Achieva,5
566,Alero,5
567,Aurora,5
568,Bravada,6
569,Cutlass Calais,5
570,Cutlass Ciera,5
571,Custom Cruiser,5
572,Cutlass,5
573,Cutlass Salon,5
574,Cutlass Tiara,5
575,Cutlass Cruiser,5
576,Cutlass Supreme,5
577,Delta 88,5
578,88,5
579,Firenza,5
580,Intrigue,5
581,LSS,5
582,Omega,5
583,Regency,5
584,Silhouette,7
585,Starfire,5
586,Toronado,5
587,Vista Cruiser,5
588,6000,5
589,Astre,5
590,Aztek,6
591,Bonneville,5
592,Catalina,5
593,Safari,5
594,Fiero,5
595,Firebird,5
596,Grand Am,5
597,Grand LeMans,5
598,Grand Prix,5
599,Grand Safari,5
600,Grandville,5
601,J2000,5
602,J2000 Sunbird,5
603,LeMans,5
604,Montana,7
605,Parisienne,5
606,Phoenix,5
607,Sunbird,5
608,Sunfire,5
609,T1000,5
610,Trans Sport,7
611,Ventura,5
612,Vibe,5
616,L100,5
617,L200,5
618,L300,5
620,LW200,5
621,LW300,5
622,SC,5
623,SC1,5
624,SC2,5
625,SL,5
626,SL1,5
627,SL2,5
628,SW1,5
629,SW2,5
630,Vue,6
631,Aerostar,7
632,Aspire,5
633,Bronco,6
634,Bronco II,6
635,Contour,5
636,Country Squire,5
637,LTD,5
638,Courier,6
639,Crown Victoria,5
640,Custom 500,5
644,E-100 Econoline,7
645,E-100 Econoline Club Wagon,7
646,E-150 Econoline,7
647,E-150,7
648,E-150 Club Wagon,7
649,E-150 Econoline Club Wagon,7
650,E-250 Econoline,7
651,E-250,7
652,E-250 Econoline Club Wagon,7
653,E-350 Econoline,7
655,E-350 Club Wagon,7
656,E-350 Econoline Club Wagon,7
657,EXP,5
658,Elite,5
659,Escape,6
660,Escort,5
661,Excursion,6
662,Expedition,6
663,Explorer,6
665,F-100,6
666,F-150,6
667,F-250,6
668,F-250 Super Duty,6
669,F-350,6
670,F-350 Super Duty,6
672,F-500,6
676,Fairmont,5
677,Festiva,5
678,Fiesta,5
679,Focus,5
681,Gran Torino,5
682,Granada,5
683,LTD II,5
687,Maverick,5
688,Mustang,5
689,Mustang II,5
690,P-350,7
691,P-400,7
692,P-500,7
693,Pinto,5
694,Probe,5
695,Ranchero,6
696,Ranger,6
697,Taurus,5
698,Tempo,5
699,Thunderbird,5
700,Torino,5
701,Windstar,7
702,Aviator,6
703,Blackwood,6
704,Continental,5
705,LS,5
706,Mark IV,5
707,Mark V,5
708,Mark VI,5
709,Mark VII,5
710,Mark VIII,5
711,Navigator,6
712,Town Car,5
713,Versailles,5
714,Bobcat,5
715,Capri,5
716,Colony Park,5
718,Grand Marquis,5
719,Comet,5
720,Cougar,5
721,LN7,5
722,Lynx,5
723,Marauder,5
724,Marquis,5
725,Meteor,5
726,Monarch,5
727,Montego,5
728,Mountaineer,6
729,Mystique,5
730,Sable,5
731,Topaz,5
732,Tracer,5
733,Villager,7
734,Zephyr,5
735,Scorpio,5
736,XR4Ti,5
741,CL,5
742,Integra,5
743,Legend,5
744,MDX,6
745,NSX,5
746,RL,5
747,RSX,5
748,SLX,6
749,TL,5
750,Vigor,5
751,Accord,5
752,Civic,5
753,Civic del Sol,5
754,CR-V,6
755,CRX,5
756,Odyssey,7
757,Passport,6
758,Pilot,6
759,Prelude,5
760,S2000,5
761,Wagovan,5
762,825,5
763,827,5
764,Pantera,5
765,57,5
766,62,5
767,230,5
768,280,5
769,190D,5
770,190E,5
771,240D,5
772,260E,5
773,280C,5
774,280CE,5
775,280E,5
776,280S,5
777,280SE,5
778,300CD,5
779,300CE,5
780,300D,5
781,300E,5
782,300SD,5
783,300SDL,5
784,300SE,5
785,300SEL,5
786,300SL,5
787,300TD,5
788,300TE,5
789,350SD,5
790,350SDL,5
791,380SE,5
792,380SEC,5
793,380SEL,5
794,380SL,5
795,380SLC,5
796,400E,5
797,400SE,5
798,400SEL,5
799,420SEL,5
800,450SE,5
801,450SEL,5
802,450SL,5
803,450SLC,5
804,500E,5
805,500SEC,5
806,500SEL,5
807,500SL,5
808,560SEC,5
809,560SEL,5
810,560SL,5
811,600SEC,5
812,600SEL,5
813,600SL,5
814,C220,5
815,C230,5
816,C240,5
817,C280,5
818,C32 AMG,5
819,C320,5
820,C36 AMG,5
821,C43 AMG,5
822,CL500,5
823,CL55 AMG,5
824,CL600,5
825,CLK320,5
826,CLK430,5
827,CLK500,5
828,CLK55 AMG,5
829,E300,5
830,E320,5
831,E420,5
832,E430,5
833,E500,5
834,E55 AMG,5
835,G500,6
836,G55 AMG,6
837,ML320,6
838,ML350,6
839,ML430,6
840,ML500,6
841,ML55 AMG,6
842,S320,5
843,S350,5
844,S420,5
845,S430,5
846,S500,5
847,S55 AMG,5
848,S600,5
849,SL320,5
850,SL500,5
851,SL55 AMG,5
852,SL600,5
853,SLK230,5
854,SLK32 AMG,5
855,SLK320,5
856,MGB,5
857,Midget,5
858,900,5
859,9000,5
860,9-3,5
861,9-5,5
862,99,5
863,AMX,5
864,Concord,5
865,Eagle,5
866,Gremlin,5
867,Hornet,5
868,Matador,5
869,Pacer,5
870,200SX,5
871,210,5
872,240SX,5
873,260Z,5
874,280Z,5
875,280ZX,5
876,300ZX,5
877,350Z,5
878,510,5
879,610,5
880,810,5
881,Altima,5
883,Frontier,6
884,G20,5
885,G35,5
886,I30,5
887,I35,5
888,J30,5
889,M30,5
890,M45,5
891,Maxima,5
892,Murano,6
893,Pathfinder,6
894,Pulsar,5
895,Pulsar NX,5
896,Q45,5
897,Quest,7
898,QX4,6
899,Sentra,5
900,Stanza,5
901,Xterra,6
902,Arnage,5
903,Azure,5
904,Brooklands,5
905,Camargue,5
906,Corniche,5
907,Corniche II,5
908,Corniche IV,5
909,Corniche S,5
910,Eight,5
911,Flying Spur,5
912,Mulsanne,5
913,Park Ward,5
914,Silver Dawn,5
915,Silver Seraph,5
916,Silver Shadow,5
917,Silver Shadow II,5
918,Silver Spirit,5
919,Silver Spur,5
920,Silver Wraith II,5
921,T1 Series,5
922,T2 Series,5
923,Touring Limousine,5
924,Turbo R,5
925,Element,6
926,EV Plus,5
927,Insight,5
928,FX35,6
929,FX45,6
930,150,6
931,200,6
933,Scout II,6
934,Cordia,5
935,Mighty Max,6
936,Montero,6
937,Starion,5
938,Tredia,5
939,Galant,5
940,Mirage,5
941,Precis,5
942,Van,7
943,Sigma,5
944,Eclipse,5
945,3000GT,5
946,Diamante,5
947,Expo,5
948,Expo LRV,5
949,Montero Sport,6
950,Outlander,6
951,100 Series,5
952,Beetle,5
953,Dasher,5
954,Fox,5
955,Rabbit,5
956,Scirocco,5
957,Transporter,7
958,5000,5
959,4000,5
960,Jetta,5
961,Rabbit Convertible,5
963,Vanagon,7
964,Coupe,5
965,Quantum,5
966,Quattro,5
967,Cabriolet,5
968,Golf,5
969,80,5
970,80 Quattro,5
971,90,5
972,90 Quattro,5
973,100,5
974,100 Quattro,5
975,200,5
976,200 Quattro,5
977,Corrado,5
978,Coupe Quattro,5
979,Passat,5
980,V8 Quattro,5
981,S4,5
982,EuroVan,7
983,A6,5
984,A6 Quattro,5
985,S6,5
986,A4,5
987,A4 Quattro,5
988,A8,5
989,A8 Quattro,5
991,TT,5
992,TT Quattro,5
993,Allroad Quattro,5
994,S8,5
995,RS6,5
996,ES250,5
997,ES300,5
998,GS300,5
999,GS400,5
1000,GS430,5
1002,IS300,5
1003,LS400,5
1004,LS430,5
1005,4Runner,6
1006,SC300,5
1007,SC400,5
1008,SC430,5
1009,Highlander,6
1010,Avalon,5
1011,Camry,5
1012,Celica,5
1013,Corolla,5
1014,Corona,5
1015,Cressida,5
1016,Echo,5
1017,Land Cruiser,6
1018,LX450,6
1019,LX470,6
1020,Mark II,5
1021,Matrix,5
1022,MR2,5
1023,MR2 Spyder,5
1024,Paseo,5
1025,Previa,7
1026,Prius,5
1027,Sienna,7
1028,Solara,5
1029,Starlet,5
1030,Supra,5
1031,Tercel,5
1032,RAV4,6
1033,Tundra,6
1034,RX300,6
1035,Sequoia,6
1036,T100,6
1037,Tacoma,6
1038,GX470,6
1040,MS,6
1041,Travelall,6
1042,NX,5
1043,620 Pickup,6
1045,310,5
1046,Axxess,5
1047,F10,5
1048,710,5
1049,B210,5
1053,V-8,5
1054,Lagonda,5
1055,Virage,5
1056,DB7,5
1057,Vanquish,5
1058,308 GTB,5
1059,308 GTS,5
1060,308 GTBi,5
1061,308 GTSi,5
1062,328 GTB,5
1063,328 GTS,5
1064,348 Spider,5
1065,348 TB,5
1066,348 GTB,5
1067,348 TS,5
1068,348 GTS,5
1069,360,5
1070,365 GT4,5
1072,412,5
1073,456 GT,5
1074,456 GTA,5
1075,456 M,5
1076,512 BB,5
1077,512 TR,5
1078,512 M,5
1079,550 Maranello,5
1080,575 M Maranello,5
1081,Dino 308 GT4,5
1082,Enzo,5
1083,F355 Spider,5
1084,F355 Berlinetta,5
1085,F355 F1,5
1086,F355 GTS,5
1087,F40,5
1088,F50,5
1089,GTO,5
1090,Mondial 8,5
1091,Mondial 3.2,5
1092,Mondial t,5
1093,Testarossa,5
1094,228i,5
1095,425,5
1096,430i,5
1097,Biturbo,5
1098,Bora,5
1099,Khamsin,5
1100,Merak,5
1101,Quattroporte,5
1102,Spyder,5
1103,F355,5
1105,456 M GT,5
1106,456 M GTA,5
1108,Altra EV,5
1109,808,5
1110,Miata,5
1111,MX-3,5
1112,Tribute,6
1113,MX-6,5
1114,6,5
1115,RX-3,5
1116,RX-7,5
1117,929,5
1118,Cosmo,5
1119,Millenia,5
1120,Navajo,6
1121,RX-4,5
1122,RX-8,5
1123,4000 Quattro,5
1124,5000 Quattro,5
1126,Silhouette,5
1127,SJ410,6
1805,EL,5
1826,2000 GTX,5
1831,Vista,5
1839,Pony,5
1841,Stellar,5
1843,Niva,6
1844,Samara,5
1845,Signet,5
1860,Multi,5
1878,Acadian,5
1879,Firefly,5
1882,Laurentian,5
1886,Sunburst,5
1890,R18,5
1897,Forsa,5
1898,LJ81,6
1899,SA310,5
1903,SJ413,6
1911,Van Wagon,7
1927,GLE,5
1928,Berlina,5
1929,Duetto 1600,5
1930,Giulia Sprint,5
1931,GT Veloce,5
1932,GTV,5
1933,Ambassador,5
1939,Marlin,5
1945,DB2,5
1946,DB2-4,5
1947,DB3,5
1948,DB4,5
1949,DB5,5
1950,DBD,5
1952,Vantage,5
1953,Super 90,5
1954,America,5
1959,Mini Cooper,5
1961,1600ti,5
1963,1802,5
1964,2.8 Bavaria,5
1966,2000c,5
1967,2000cs,5
1968,2000ti,5
1969,2000tii,5
1970,2002ti,5
1971,2002tii,5
1973,2800,5
1974,2800CS,5
1975,3.0CS,5
1976,3.0CSi,5
1977,3.0S,5
1978,Bavaria,5
1979,Centurion,5
1981,GS,5
1982,GS 350,5
1983,GS 400,5
1984,GS 455,5
1985,Invicta,5
1989,Wildcat,5
1991,Series 60 Fleetwood,5
1994,Series 70 Fleetwood Eldorado,5
1996,Biscayne,5
1997,Brookwood,5
1998,C10 Pickup,6
1999,C20 Pickup,6
2000,C30 Pickup,6
2002,Chevy II,5
2003,Corvair,5
2004,Del Ray,5
2006,Fleetmaster,5
2007,G10 Van,7
2009,G30 Van,7
2010,K10 Pickup,6
2011,K20 Pickup,6
2012,K30 Pickup,6
2013,Kingswood,5
2014,Luv Pickup,6
2015,One-Fifty Series,5
2016,P10 Series,6
2018,P20 Series,6
2019,P20 Van,7
2020,P30 Series,6
2021,P30 Van,7
2022,Styleline Deluxe,5
2023,Styleline Special,5
2024,Stylemaster Series,5
2026,Townsman,5
2028,Two-Ten Series,5
2030,Nassau,5
2033,St Regis,5
2035,D Special,5
2037,DS21,5
2038,DS21 Pallas,5
2039,ID19,5
2040,330,5
2042,880,5
2044,A108 Van,7
2045,D100 Series,6
2046,D200 Series,6
2047,D300 Series,6
2050,M300,6
2051,M350,6
2052,Meadowbrook,5
2056,P375,7
2057,Polara,5
2058,W100 Series,6
2059,W200 Series,6
2060,W300 Series,6
2061,Wayfarer,5
2062,Wm300 Pickup,6
2064,275 GT,5
2065,275 GTB,5
2066,330 GT,5
2067,330 GTC,5
2068,330 GTS,5
2069,365 GT,5
2070,365 GT4 BB,5
2071,365 GTB/4,5
2072,365 GTC,5
2073,365 GTC/4,5
2074,365 GTS,5
2075,365 GTS/4,5
2076,Dino 206 GT,5
2077,Dino 246 GT,5
2078,Dino 246 GTS,5
2084,600D,5
2085,Club,5
2087,Country Sedan,5
2088,Courier Sedan Delivery,6
2089,Crestline,5
2090,Custom 300,5
2091,Customline,5
2092,Del Rio Wagon,5
2093,E-200 Econoline,7
2094,E-300 Econoline,7
2096,F Series,6
2100,Fairlane,5
2101,Falcon,5
2102,Falcon Sedan Delivery,6
2103,Ford,5
2104,Ford 300,5
2105,Galaxie,5
2106,Galaxie 500,5
2107,M-400,6
2108,M-450,6
2109,Mainline,5
2111,Park Lane Wagon,5
2112,Ranch Wagon,5
2113,Skyliner,5
2114,Starliner,5
2115,Sunliner,5
2117,Victoria,5
2118,1000 Series,6
2119,1500 Series,6
2120,2500 Series,6
2121,C15/C1500 Pickup,6
2122,C15/C1500 Suburban,6
2123,C25/C2500 Pickup,6
2124,C25/C2500 Suburban,6
2125,C35/C3500 Pickup,6
2126,G1000 Series,6
2127,G15/G1500 Van,7
2128,G25/G2500 Van,7
2130,K15/K1500 Pickup,6
2131,K15/K1500 Suburban,6
2132,K25/K2500 Pickup,6
2133,K25/K2500 Suburban,6
2134,K35/K3500 Pickup,6
2135,P15/P1500 Van,7
2136,P25/P2500 Van,7
2137,P35/P3500 Van,7
2138,PB1000 Series,6
2139,PB15 Series,6
2140,PB25 Series,6
2141,PB2500 Series,6
2143,100,6
2144,1000B,6
2145,1000C,6
2146,1000D,6
2147,1010,6
2148,1100B,6
2149,1100C,6
2150,1110,6
2151,1200B,6
2153,1200D,6
2154,1210,6
2155,1300B,6
2156,1300C,6
2157,1300D,6
2158,1310,6
2159,908B,6
2160,908C,6
2162,M Series Van,7
2163,M1100,7
2164,M1200,7
2165,M1400,7
2166,M800,7
2167,M800 Navy,7
2168,M800 Post Office,7
2169,MA1200,7
2170,MHC1310,6
2171,MS1210,6
2172,Scout,6
2173,2.4,5
2174,3.4,5
2175,3.8,5
2176,340,5
2177,420,5
2178,C-Type,5
2179,D-Type,5
2180,Mark IX,5
2181,Mark X,5
2183,XK120,5
2184,XK140,5
2185,XK150,5
2186,XKE,5
2187,XKSS,5
2188,CJ3,6
2189,Commando,6
2190,Dispatcher,6
2191,DJ3,6
2192,DJ5,6
2193,DJ6,6
2195,FC150,6
2196,FC170,6
2197,Gladiator,6
2198,J-100,6
2199,J-2500,6
2200,J-2600,6
2201,J-2700,6
2202,J-2800,6
2203,J-3500,6
2204,J-3600,6
2205,J-3700,6
2206,J-3800,6
2207,Jeepster,6
2210,Utility,6
2212,400GT,5
2213,Islero,5
2214,Miura,5
2215,Cosmopolitan,5
2216,Lincoln Series,5
2217,Mark III,5
2221,Super Seven,5
2222,Ghibli,5
2223,Indy,5
2224,Mexico,5
2225,Mistral,5
2226,616,5
2227,618,5
2231,RX-2,5
2233,180D,5
2234,190B,5
2235,190C,5
2236,190DB,5
2237,190DC,5
2238,190SL,5
2239,200D,5
2240,220,5
2241,220D,5
2242,220S,5
2243,220SE,5
2244,230S,5
2245,230SL,5
2247,250C,5
2248,250S,5
2249,250SE,5
2250,250SL,5
2252,280SEL,5
2253,280SL,5
2255,350SL,5
2258,Caliente,5
2259,Commuter,5
2260,Country Cruiser,5
2261,Cyclone,5
2262,Medalist,5
2263,Mercury,5
2264,Montclair,5
2266,Park Lane,5
2269,Turnpike Cruiser,5
2270,Voyager,5
2271,MGA,5
2273,MGC,5
2276,TDC,5
2278,YA,5
2279,YB,5
2280,YT,5
2281,ZA,5
2282,ZB,5
2284,240Z,5
2288,520 Pickup,6
2289,521 Pickup,6
2291,98,5
2292,Delmont 88,5
2293,Dynamic 88,5
2294,F85,5
2295,Jetfire,5
2296,Jetstar 88,5
2297,Super 88,5
2298,Kadett,5
2299,Rallye,5
2300,304,5
2302,Barracuda,5
2303,Belvedere,5
2305,Cranbrook,5
2306,Cricket,5
2307,Cuda,5
2308,Fleet Special,5
2309,Fury I,5
2310,Fury II,5
2311,Fury III,5
2312,GTX,5
2317,Plaza,5
2318,Satellite,5
2319,Savoy,5
2320,Sport Wagon,5
2321,Superbird,5
2322,VIP,5
2324,Chieftain,5
2327,Star Chief,5
2328,Streamliner,5
2329,Super Chief,5
2331,356,5
2332,356A,5
2334,356B,5
2335,356C,5
2336,Carrera,5
2337,R10,5
2338,R16,5
2340,Silver Cloud,5
2342,3500S,5
2343,95,5
2344,96,5
2345,Sonett,5
2346,Cobra,5
2351,Flight Hawk,5
2352,Golden Hawk,5
2353,Gran,5
2355,Lark,5
2356,Power Hawk,5
2358,Silver Hawk,5
2359,Sky Hawk,5
2360,Wagonaire,5
2361,Star,5
2362,Tiger,5
2363,2000GT,5
2364,Carina,5
2365,Crown,5
2366,GT6,5
2367,Stag,5
2368,TR250,5
2369,TR3A,5
2370,TR3B,5
2371,TR4,5
2372,TR4A,5
2373,Campmobile,7
2374,Fastback,5
2375,Karmann Ghia,5
2376,Squareback,5
2377,Super Beetle,5
2378,Thing,5
2379,122,5
2380,142,5
2381,144,5
2382,145,5
2383,445,5
2384,544,5
2385,323,5
2386,626,5
2387,Protege,5
2388,GLC,5
2389,Mizer,5
2390,B1600,6
2391,B1800,6
2392,B2000,6
2393,Protege5,5
2394,B2200,6
2395,B2300,6
2396,B2500,6
2397,B2600,6
2398,MPV,7
2399,Rotary Pickup,6
2400,B3000,6
2401,B4000,6
2402,Elan,5
2403,Europa,5
2404,Seven,5
2405,Eclat,5
2406,Esprit,5
2410,xA,5
2411,xB,7
2413,3.0CSL,5
2414,TSX,5
2415,545i,5
2416,Rainier,6
2417,SRX,6
2418,Aveo,5
2420,SSR,6
2422,Crossfire,5
2423,Pacifica,6
2424,Sprinter 2500,7
2425,Sprinter 3500,7
2426,Freestar,7
2427,Canyon,6
2430,Amanti,5
2431,Gallardo,5
2432,ES330,5
2434,Elise,5
2435,3,5
2438,Endeavor,6
2440,Titan,6
2441,Carrera GT,5
2442,Phantom,5
2443,Touareg,6
2445,Monterey,7
2447,RX330,6
2448,Ion,5
2455,Forenza,5
2456,Verona,5
2457,Aero 8,5
2458,Magentis,5
2459,645Ci,5
2461,X3,6
2463,Classic,5
2464,F-150 Heritage,6
2466,E-350 Super Duty,7
2469,QX56,6
2470,DB6,5
2484,Colorado,6
2485,GT,5
2487,Equinox,6
2488,9-2X,5
2489,300,5
2490,Town & Country,7
2497,tC,5
2541,Terraza,7
2543,LaCrosse,5
2545,STS,5
2562,Cobalt,5
2578,Uplander,7
2597,G6,5
2623,Five Hundred,5
2624,Freestyle,5
2627,Mariner,6
2640,Tucson,6
2656,Armada,6
2666,Super V8,5
2676,LR3,6
2707,C55 AMG,5
2711,CL65 AMG,5
2729,SL65 AMG,5
2730,SLK350,5
2731,SLK55 AMG,5
2737,V50,5
2739,760i,5
2740,DB9,5
2741,612 Scaglietti,5
2742,Reno,5
2743,B100,7
2744,B1500,7
2745,B150,7
2746,B200,7
2747,B250,7
2748,B300,7
2749,B3500,7
2750,B350,7
2751,D100,6
2752,D150,6
2753,D200,6
2754,D250,6
2755,D300,6
2756,D350,6
2759,D50,6
2760,Ram 1500,6
2761,Ram 2500 Van,7
2762,Ram 3500 Van,7
2763,W100,6
2764,W150,6
2765,W200,6
2766,W250,6
2767,W300,6
2768,W350,6
2771,PB100,7
2772,PB150,7
2773,PB200,7
2774,PB250,7
2775,PB300,7
2776,PB350,7
2777,620,6
2778,720,6
2779,Ram 1500 Van,7
2780,Ram 2500,6
2781,Ram 3500,6
2782,Arrow Pickup,6
2783,D21,6
2784,Rabbit Pickup,6
2786,SE,5
2787,Sunrunner,6
2788,SLR McLaren,5
2789,GranSport,5
2790,9-7x,6
2791,Villager,5
2792,M35,5
2793,Ridgeline,6
2794,750Li,5
2795,750i,5
2796,CLS500,5
2797,CLS55 AMG,5
2798,RX400h,6
2799,E350,5
2800,S65 AMG,5
2801,H1,6
2802,H2,6
2803,530xi,5
2804,525xi,5
2805,H3,6
2806,A3,5
2807,B9 Tribeca,6
2808,F430,5
2809,Mark LT,6
2810,HHR,5
2811,i-280,6
2812,i-350,6
2813,Torrent,6
2814,Explorer Sport Trac,6
2815,DTS,5
2816,Fusion,5
2817,Commander,6
2818,C350,5
2819,CLK350,5
2820,R350,5
2821,R500,5
2822,SLK280,5
2823,Milan,5
2824,Solstice,5
2825,V8 Vantage,5
2826,550i,5
2827,650i,5
2828,5,7
2829,MX-5 Miata,5
2830,Turismo,5
2831,Pursuit,5
2832,Spectra5,5
2833,Range Rover Sport,6
2834,Cayman,5
2835,IS250,5
2836,IS350,5
2837,Rio5,5
2838,Lucerne,5
2839,Optra,5
2840,Mondial,5
2841,Wave,5
2842,Superamerica,5
2843,Allure,5
2844,X-Trail,6
2845,Epica,5
2846,SV-1,5
2847,Veyron 16.4,5
2848,Exige,5
2849,Azera,5
2850,FJ Cruiser,6
2851,Yaris,5
2852,Caliber,5
2853,Sky,5
2854,Q7,6
2855,Fit,5
2856,S550,5
2857,Avalanche,6
2858,Entourage,7
2859,SL550,5
2860,XK,5
2861,CX-7,6
2862,Versa,5
2863,RS4,5
2864,Compass,6
2865,Patriot,6
2866,ES350,5
2867,GS450h,5
2868,RX350,6
2869,CLK63 AMG,5
2870,CLS63 AMG,5
2871,E63 AMG,5
2872,ML63 AMG,6
2873,R63 AMG,5
2874,325es,5
2875,RDX,6
2876,G5,5
2878,CLK550,5
2879,CLS550,5
2881,GL450,6
2882,328xi,5
2883,335i,5
2884,CSX,5
2885,Aspen,6
4704,Series 6,5
4705,Series 5,5
4706,1200,5
4707,PV 444,5
4708,Wyvern,5
4709,Velox,5
4710,Twelve,5
4711,Ten,5
4712,Fourteen,5
4713,2000,5
4714,Record,5
4715,Sunbeam-Talbot 90,5
4716,Commander,5
4717,Champion,5
4718,1100,5
4719,1000,5
4720,4CV,5
4722,Silver Streak,5
4724,203,5
4725,Model 2332,5
4726,Model 2333,5
4727,Model 2301,5
4728,Model 2322,5
4729,Model 2306,5
4730,Model 2302,5
4731,Olympia,5
4732,Kapitan,5
4733,Series 98,5
4734,Series 78,5
4735,Series 76,5
4736,Ambassador Super Special,5
4737,Ambassador Super,5
4738,Ambassador Custom,5
4739,600 Super Special,5
4740,600 Custom,5
4741,Oxford MO,5
4742,Minor MM,5
4743,4/4 Series I,5
4744,TD,5
4745,170 V,5
4746,170 S,5
4747,170 D,5
4748,A6GCS,5
4749,A6GCM,5
4750,A6/1500,5
4752,9EL Series,5
4753,DHC,5
4754,Virginian,5
4755,Vagabond,5
4756,Traveler,5
4757,Special,5
4758,Deluxe,5
4759,Super Series,5
4760,Commodore Series,5
4761,Minx,5
4762,Le Mans Replica,5
4763,Manhattan,5
4764,Frazer,5
4765,Prefect,5
4767,1500,5
4768,1400,5
4769,166,5
4770,S-13,5
4771,135MS,5
4772,135M,5
4773,D-6,5
4774,Hot Shot,5
4775,Crosley,5
4776,2CV,5
4777,15,5
4778,11,5
4779,202MM,5
4780,202,5
4781,Windsor Series,5
4782,Saratoga Series,5
4783,Royal Series,5
4784,Crown Imperial,5
4785,Series 75 Fleetwood,5
4786,Series 62,5
4787,Series 61,5
4788,Series 60 Special Fleetwood,5
4789,Super Series 50,5
4790,Special Series 40,5
4791,Roadmaster Series 70,5
4792,Hansa 2400,5
4793,Hansa 1800,5
4794,Hansa 1500,5
4795,Mk VI,5
4796,A90,5
4797,A40,5
4798,A125,5
4799,DB1,5
4800,M,5
4801,L,5
4802,K1,5
4803,J1,5
4804,6C 2500,5
4805,Two-Litre,5
4806,48,5
4807,1800,5
4808,Juvaquatre,5
4809,Torpedo,5
4810,P15 Special Deluxe,5
4811,P15 Deluxe,5
4812,Model 2233,5
4813,Model 2211,5
4814,Model 2226,5
4815,Model 2222,5
4816,Model 2206,5
4817,Model 2202,5
4818,Model 2201,5
4819,Series 68,5
4820,Series 66,5
4821,Custom Ambassador,5
4822,Ten Series,5
4823,Eight Series,5
4824,876H Series,5
4825,Custom,5
4826,MK V,5
4827,S-11,5
4828,D46,5
4829,Imperial C-40,5
4830,M5,6
4831,Silver Wraith,5
4832,Model 2126,5
4833,Model 2106,5
4834,Model 2111,5
4835,Model 2103,5
4836,Model 2100,5
4837,76H Series,5
4838,125,5
4839,Model 2130,5
4840,Model 2101,5
4841,Series 60,5
4842,Series 90,5
4843,66H Series,5
4844,Commodore Series 27,5
4845,CJ2A,6
4846,Plainsman,5
4847,Speedway,5
4848,President,5
4849,Traveler Series 20 T,5
4850,Super Series 21,5
4851,Deluxe Series 20 P,5
4852,Commodore Series 24,5
4853,Commodore Series 22,5
4854,Commodore Custom Series 25,5
4855,Super Deluxe,5
4856,Model 21 A Deluxe,5
4857,Model 2 GA Special,5
4858,Deluxe Series D-22,5
4859,Custom Series D-22,5
4860,S-10,5
4861,Windsor,5
4862,Saratoga,5
4863,Royal,5
4864,Special Deluxe,5
4865,Master Deluxe Truck,6
4866,Series 75,5
4867,Series 67,5
4868,Series 63,5
4869,Special Series 40-B,5
4870,Special Series 40-A,5
4871,Limited Series 90,5
4872,Century Series 60,5
4873,P12 Special Deluxe,5
4874,P11 Standard,5
4875,P11 Deluxe,5
4876,Model 1951,5
4877,Model 1908,5
4878,Model 1907,5
4879,Model 1906,5
4880,Model 1905,5
4881,Model 1904,5
4882,Model 1903,5
4883,Model 1901,5
4884,Model 1900,5
4885,Series 96,5
4886,Ambassador 600,5
4887,Series 19A,5
4888,Utility Series 10 C,5
4889,Traveler Series 10 T,5
4890,Super Series 11,5
4891,Deluxe Series,5
4892,Commodore Series 14,5
4893,Commodore Series 12,5
4894,Commodore Custom Series 17,5
4895,Commodore Custom Series 15,5
4896,Big Boy Series 18,5
4897,Custom Hollywood Model 113,5
4898,Model 1 GA Truck,6
4899,Deluxe Series D-19,5
4900,Custom Series D-19,5
4901,S-8,5
4902,327,5
4903,326,5
4904,Bantam,5
4905,Model 65,5
4906,State President,5
4907,Torpedo Series 29,5
4908,Special Series 25,5
4909,Deluxe Series 28,5
4910,Deluxe Series 26,5
4911,P9 Roadking,5
4912,P10 Deluxe,5
4913,Model 1808,5
4914,Model 1807,5
4915,Model 1806,5
4916,Model 1805,5
4917,Model 1804,5
4918,Model 1803,5
4919,Model 1801,5
4920,Model 1800,5
4921,Series 70,5
4922,LaFayette,5
4923,TB,5
4924,Series O9A,5
4925,Grosser,5
4926,Series K,5
4927,Special Series 52,5
4928,Series 50,5
4929,Touring,5
4930,Rapide,5
4931,LG6 DHC,5
4932,LG6,5
4933,SS100,5
4934,Traveler Series 40 T,5
4935,Super Series 41,5
4936,Series 44,5
4937,Deluxe Series 45,5
4938,Deluxe Series 40 P,5
4939,Country Club Series 43,5
4940,Country Club Eight Series 47,5
4941,Big Boy Series 48,5
4942,Deluxe Model 107,5
4943,Custom Model 108,5
4944,Custom Model 107,5
4945,S-7,5
4946,Type 57C,5
4947,Type 57,5
4948,335,5
4949,Model 48,5
4950,Model 38 Truck,6
4951,T150SS Tear Drop,5
4952,T150C-SS Figoni,5
4953,T150C,5
4954,P8 Deluxe,5
4955,P7 Roadking,5
4956,Model 1708,5
4957,Model 1707,5
4958,Model 1705,5
4959,Model 1703,5
4960,Model 1702,5
4961,Model 1701,5
4962,Model 1700,5
4963,L-39,5
4964,G-39,5
4965,F-39,5
4966,WA Drophead,5
4967,VA Drophead,5
4968,TA Drophead,5
4969,SA Drophead,5
4970,Series 99A,5
4971,540 K,5
4972,460/500 Nurburg,5
4973,260 D,5
4974,170 H,5
4975,320,5
4976,Brunn,5
4977,Model R,5
4978,Model H,5
4979,Model E,5
4980,Series 92,5
4981,Pacemaker Series 91,5
4982,Deluxe Series 112,5
4983,Custom Series 97,5
4984,Country Club Series 95,5
4985,Country Club Series 93,5
4986,Big Boy Series 96,5
4987,K6,5
4988,Special Model 96,5
4989,Model 97,5
4990,Deluxe Model 108,5
4991,Custom Special 96,5
4992,S-6,5
4993,D-8 120,5
4994,D-6 75,5
4995,D-6 70,5
4996,4 1/4-Litre,5
4997,8C 2900,5
4998,6C 2300,5
4999,Model 37,5
5000,Dictator,5
5001,Deluxe Model 8CA,5
5002,Deluxe Model 6CA,5
5003,Roadking,5
5004,12,5
5005,8,5
5006,Model 1508,5
5007,Model 1507,5
5008,Model 1506,5
5009,Model 1502,5
5010,Model 1501,5
5011,Model 1500,5
5012,Model 120-CD,5
5013,Model 120 C,5
5014,Model 115-C,5
5015,L-37,5
5016,F-37,5
5017,770 Grand Mercedes,5
5018,Model K,5
5019,Terraplane,5
5020,Deluxe Eight Series 76,5
5021,Deluxe Eight Series 74,5
5022,Custom Six,5
5023,Custom Eight Series 77,5
5024,Custom Eight Series 75,5
5025,J12 Type 68,5
5026,Series 120,5
5027,Series 116,5
5028,Crusader,5
5029,P14S Deluxe,5
5030,P14C Special Deluxe,5
5031,Model 2030,5
5032,Model 2055,5
5033,Model 2023,5
5034,Model 2021,5
5035,Model 2020,5
5036,Model 2011,5
5037,Model 2010,5
5038,Model 2008,5
5039,Model 2007,5
5040,Model 2006,5
5041,Model 2005,5
5042,Model 2004,5
5043,Model 2003,5
5044,Model 2001,5
5045,Model 2000,5
5046,Series 29A,5
5047,Model 78,5
5048,Model 74,5
5049,Model J,5
5050,S-3,5
5051,812,5
5052,Imperial Custom Airflow,5
5053,Imperial Custom,5
5054,Airflow,5
5055,Truck,6
5056,Type 57SC,5
5057,328,5
5058,315,5
5059,Model 77,5
5060,Flying Cloud,5
5061,Deluxe Series Silver Streak,5
5062,P2 Deluxe,5
5063,P1 Business Line,5
5064,Salon Twelve,5
5065,Deluxe 8,5
5066,Model 1408,5
5067,Model 1407,5
5068,Model 1405,5
5069,Model 1404,5
5070,Model 1403,5
5071,Model 1402,5
5072,Model 1401,5
5073,Model 1400,5
5074,Model 120-B,5
5075,L-36,5
5076,F-36,5
5077,400 Series,5
5078,PB Midget,5
5079,NB Magnette,5
5080,NA Magnette,5
5081,500 K,5
5082,130 H,5
5083,290,5
5084,170,5
5085,Series 621-O,5
5086,Series 621-N,5
5087,Series 618-G,5
5088,Series 618-D,5
5089,Deluxe Eight Series 66,5
5090,Deluxe Eight,5
5091,Custom Eight,5
5092,Model 110,5
5093,Crusader Model 80,5
5094,Cavalier Model 90,5
5095,Model 68,5
5096,Series D2,5
5097,Deluxe Airstream,5
5098,Airflow III,5
5099,Imperial Airflow,5
5100,Airstream Series C-7,5
5101,Airstream Deluxe Series C-8,5
5102,Series 85,5
5103,Series 80,5
5104,3 1/2-Litre,5
5105,Model 8-852,5
5106,Model 6-654,5
5107,Model SV-16,5
5108,Model DV-32,5
5109,Series 701,5
5110,Series 605,5
5111,Model PJ,5
5112,Deluxe PJ Model,5
5113,Model 845,5
5114,Model 1255,5
5115,Model 1208,5
5116,Model 1207,5
5117,Model 1205,5
5118,Model 1204,5
5119,Model 1203,5
5120,Model 1202,5
5121,Model 1201,5
5122,Model 1200,5
5123,Model 120-A,5
5124,L-35,5
5125,F-35,5
5126,Advanced,5
5127,PA Midget,5
5128,Model SS,5
5129,150,5
5130,Series 527-T,5
5131,Series 521-O,5
5132,Series 521-J,5
5133,Series 518-D,5
5134,Series 517-W,5
5135,Model 75,5
5136,Model 72,5
5137,Model 67,5
5138,Custom Model 69,5
5139,Airstream,5
5140,D-8 85,5
5141,D-8 105,5
5142,D-6 64,5
5143,Imperial Custom Airflow Series C-W,5
5144,Imperial Custom Airflow Series C-3,5
5145,Imperial Airflow Series C-2,5
5146,Airstream Series CZ,5
5147,Airstream Series C-6,5
5148,Airstream Deluxe Series CZ,5
5149,Airflow Series C-1,5
5150,Model 8-851,5
5151,Model 850Y,5
5152,Model 850X,5
5153,Model 652Y,5
5154,Model 652X,5
5155,Model 1250,5
5156,American Austin,5
5157,Knight Model 66E,5
5158,Model 8-88A,5
5159,Model 6-90A Silver Streak,5
5160,Model LAA,5
5161,President Speedway Model 92,5
5162,President Model 82,5
5163,Commander Model 73,5
5164,Six Model 56,5
5165,Rockne Model 10,5
5166,Royale,5
5167,Model 601,5
5168,Model PD,5
5169,Model PC,5
5170,Model 836,5
5171,Model 1247,5
5172,Model 1242,5
5173,Model 1236,5
5174,Model 1006,5
5175,Model 1005,5
5176,Model 1004,5
5177,Model 1003,5
5178,Model 1002,5
5179,Model 1001,5
5180,Model L-33,5
5181,Model F-33,5
5182,370 Manheim,5
5183,300 K,5
5184,200/260 Stuttgart,5
5185,Series 16,5
5186,Model KB,5
5187,Model KA,5
5188,Series 345C,5
5189,Tipo 8A SS,5
5190,Series KK-321A,5
5191,Series K-321,5
5192,Series I-326,5
5193,Series F-322,5
5194,Royal Windsor,5
5195,JA Master Deluxe,5
5196,Special 40,5
5197,Model 60,5
5198,State Commander,5
5199,Deluxe Model 8DA,5
5200,Deluxe Model 6DA,5
5201,Model 1608,5
5202,Model 1607,5
5203,Model 1605,5
5204,Model 1604,5
5205,Model 1603,5
5206,Model 1602,5
5207,Model 1601-D,5
5208,Model 1601,5
5209,Model 1600,5
5210,L-38,5
5211,F-38,5
5212,Series 825-H,5
5213,Series 822-ES,5
5214,Series 822-E,5
5215,Utility Series 89,5
5216,Deluxe Series 89,5
5217,Deluxe Series 84,5
5218,Custom Series 85,5
5219,Custom Series 83,5
5220,Country Club Series 87,5
5221,Standard Model 96,5
5222,Custom Model 97,5
5223,Model 85,5
5224,Model 81 A,5
5225,S-5,5
5226,New York Special,5
5227,Roadmaster Series 80,5
5228,Pacemaker Super Six,5
5229,Pacemaker Standard,5
5230,Pacemaker Major,5
5231,Model 64,5
5232,Model 57 A,5
5233,Graham,5
5234,Custom  57 A,5
5235,Olympic,5
5236,Airman,5
5237,Model 40,5
5238,Model SD,5
5239,D-8S,5
5240,D-8C,5
5241,D-8 15,5
5242,Series CO,5
5243,Royal Series CT,5
5244,Imperial Series CQ,5
5245,Imperial Custom Series CL,5
5246,355 C,5
5247,Type 50,5
5248,3/20,5
5249,303,5
5250,Model 8-105,5
5251,Model 8-101A,5
5252,Model 8-101,5
5253,Model 12-165,5
5254,Model 12-161A,5
5255,Model 12-161,5
5256,8C 2300,5
5257,6C 1750,5
5258,Knight Model 95 Deluxe,5
5259,Knight Model 66D,5
5260,Model 90 Silver Streak,5
5261,Model 8-88 Silver Streak,5
5262,Model 8-80D,5
5263,Model 98D,5
5264,President Model 91,5
5265,Rockne Model 75,5
5266,Commander Model 71,5
5267,Rockne Model 65,5
5268,Dictator Model 62,5
5269,Six Model 55,5
5270,Model 402,5
5271,Model 302,5
5272,Model PB,5
5273,Model PA,5
5274,Model 54,5
5275,Model 53,5
5276,Model 51,5
5277,Model 906,5
5278,Model 905,5
5279,Model 904,5
5280,Model 903,5
5281,Model 902,5
5282,Model 901,5
5283,Model 900,5
5284,Model L-32,5
5285,Model F-32,5
5286,Series 990,5
5287,Series 980,5
5288,Series 970,5
5289,Series 960,5
5290,Model SSKL,5
5291,Model SSK,5
5292,Series 125,5
5293,Series 345B,5
5294,Tipo 8A S,5
5295,Tipo 8A,5
5296,Series V-237,5
5297,Series S-214,5
5298,Series L-218,5
5299,Series I-226,5
5300,Series H-225,5
5301,Series F-222,5
5302,Series C-221,5
5303,Series B-216,5
5304,Series U,5
5305,Series T,5
5306,Series L,5
5307,Special 822,5
5308,Special 820,5
5309,Prosperity,5
5310,Model 57,5
5311,Custom 834,5
5312,Model B,5
5313,Model 18,5
5314,Series DK,5
5315,Model SC,5
5316,Model SA,5
5317,Model CF,5
5318,L-29,5
5319,Standard Line,5
5320,Series Six CM,5
5321,Series CP,5
5322,Series CI,5
5323,Series CD,5
5324,Deluxe Series CD,5
5325,Custom Line,5
5326,Confederate,5
5327,370 B,5
5328,Dixi,5
5329,Model 8-100A,5
5330,Model 8-100,5
5331,Model 12-160A,5
5332,Model 12-160,5
5333,Knight Model 66B,5
5334,Model 98B,5
5335,Model 8-80,5
5336,Model 6-87,5
5337,Model MB,5
5338,Model MA,5
5339,Model LA,5
5340,Six Model 54,5
5341,President Model 90,5
5342,President Model 80,5
5343,Dictator Model 61,5
5344,Six Model 53,5
5345,Dictator Model FC,5
5346,Commander Model 70,5
5347,Model 401,5
5348,Model 43,5
5349,Model 42,5
5350,Model 41,5
5351,Model 840,5
5352,Model 833,5
5353,Model 826,5
5354,Model F-31,5
5355,Model 301,5
5356,Series 890,5
5357,Series 880,5
5358,Series 870,5
5359,Series 660,5
5360,Roosevelt,5
5361,Model 88,5
5362,Model 8-79,5
5363,Model 8-69,5
5364,Model 70,5
5365,Big Eight,5
5366,Series 345A,5
5367,Model U,5
5368,Model C,5
5369,Century Six Model S,5
5370,Century Eight  Model L,5
5371,Little Marmon Series,5
5372,E-75 Series,5
5373,Model 90,5
5374,Junior 8,5
5375,Model L,5
5376,Series 303,5
5377,Series E-3,5
5378,Series A,5
5379,Model S,5
5380,Model O,5
5381,H6B,5
5382,Model 8-90,5
5383,Model 6 B,5
5384,Model 11 B,5
5385,Model T,5
5386,Super Six,5
5387,Series I-50,5
5388,Series H-60,5
5389,Series Finer 70,5
5390,Series E-80 Imperial,5
5391,341,5
5392,Type 44,5
5393,Type 43A,5
5394,Type 43,5
5395,4 1/2-Litre,5
5396,3-Litre,5
5397,Model 8-88,5
5398,Model 8-77,5
5399,Model 6-66,5
5400,6C 1500,5
5401,Whippet Model 96,5
5402,Overland Model 91CE,6
5403,Model 93,5
5404,Model 92,5
5405,Model 91,5
5406,Knight Model 70,5
5407,Knight Model 66,5
5408,Vertical Eight,5
5409,Big Six,5
5410,Special Six,5
5411,Standard Six,5
5412,Model G-6,5
5413,Model T-6,5
5414,Model 6-26,5
5415,Model 80,5
5416,Model 33,5
5417,Single Six,5
5418,Single Eight,5
5419,Model 6-653,5
5420,Dictator Special,5
5421,Model 603,5
5422,Standard PG Model,5
5423,Standard PF Model,5
5424,Deluxe PE Model,5
5425,Silver Arrow,5
5426,Model 840A,5
5427,Model 836A,5
5428,Model 1250A,5
5429,Model 1248A,5
5430,Model 1240A,5
5431,Model 1108,5
5432,Model 1107,5
5433,Model 1106,5
5434,Model 1105,5
5435,Model 1104,5
5436,Model 1103,5
5437,Model 1102,5
5438,Model 1101,5
5439,Model 1100,5
5440,Model L-34,5
5441,Model F-34,5
5442,Series 350,5
5443,Series KK-421A,5
5444,Series K-421,5
5445,Series I-426,5
5446,Series F-442,5
5447,Series 427-T,5
5448,Series 421-J,5
5449,Series 417-W,5
5450,Major Series,5
5451,Challenger Series,5
5452,Model 69,5
5453,Custom 8-71,5
5454,Series CB,5
5455,Series CA,5
5456,Imperial Custom Airflow Series CX,5
5457,Imperial Custom Airflow Series CW,5
5458,Imperial Airflow Series CV,5
5459,Airflow Series CU,5
5460,452 D,5
5461,Model 30-D,5
5462,Greater Six,5
5463,Light Six,5
5464,8/38 HP,5
5465,24/100/140 HP,5
5466,15/70/100 HP,5
5467,14/60 HP,5
5468,12/55 HP,5
5469,Model D-74,5
5470,Model E-2,5
5471,Model A-1,5
5472,Six,5
5473,Line 8,5
5474,Model 11 A,5
5475,Series G-70,5
5476,Series E-80,5
5477,Series 58,5
5478,Type 37A,5
5479,Model 4-44,5
5480,Knight Model 65,5
5481,Model 695,5
5482,Model 694,5
5483,Model 693,5
5484,Model 30-C,5
5485,Model 6-54,5
5486,Model R-15,5
5487,Model R-14,5
5488,Model E-1,5
5489,Model 5,5
5490,Model 10 C,5
5491,Model B-70,5
5492,Superior,5
5493,V-63,5
5494,Model 8-36,5
5495,Model 6-43,5
5496,Overland Series 91CE,6
5497,Knight Model 67,5
5498,Knight Model 64,5
5499,Speedway Four,5
5500,Model 30-B,5
5501,Series 690,5
5502,Knight 10/30 HP,5
5503,6/25/40 HP,5
5504,28/95 HP,5
5505,25/65 HP,5
5506,10/40/65 HP,5
5507,Model 34,5
5508,Tipo 8,5
5509,Series R,5
5510,H6,5
5511,Model 10 B,5
5512,Essex,5
5513,Model 6-63,5
5514,Twin Six,5
5515,Model 30-A,5
5516,Model 47,5
5517,Model 43-A,5
5518,Model 6-44,5
5519,Series 40,5
5520,Model 10,5
5521,Type 61,5
5522,Model 6-51,5
5523,Model 4,5
5524,Knight Model 27,5
5525,Knight Model 20,5
5526,Overland Light Four,6
5527,Model 46,5
5528,Model 34-C,5
5529,Series 680,5
5530,Model 45-B,5
5531,Model 37-B,5
5532,Model 37-A,5
5533,8/22 HP,5
5534,8/20 HP,5
5535,8/18 HP,5
5536,28/60 HP,5
5537,28/50 HP,5
5538,Model 9B,5
5539,Model A,5
5540,Type 59,5
5541,Model 6-39,5
5542,Knight 88-8,5
5543,Knight 88-4,5
5544,Model 89,5
5545,Light Four 90,5
5546,Overland Model 90,6
5547,Overland Model 83B,6
5548,Series G,5
5549,Light Four,5
5550,The Fifth,5
5551,Model 48-B-5,5
5552,Model 45-A,5
5553,Model 34-B,5
5554,D-8,5
5555,Series Six,5
5556,Series 80 L Imperial,5
5557,Series 77,5
5558,452,5
5559,Wartburg,5
5560,8-Litre,5
5561,Model 8-95,5
5562,Model 6-85,5
5563,Model 125,5
5564,Whippet Model 98A,5
5565,Whippet Model 96A,5
5566,Knight Model 70B,5
5567,Knight Model 70A,5
5568,Knight Model 66A,5
5569,Knight Model 56,5
5570,Model M,5
5571,President Eight,5
5572,Commander Six,5
5573,Commander Eight,5
5574,Model 6-29 A,5
5575,Model 126,5
5576,Model 645,5
5577,Model 640,5
5578,Model 633,5
5579,Model 626,5
5580,Viking,5
5581,Model F-29,5
5582,Model 212,5
5583,Series 328,5
5584,Series M,5
5585,H6C,5
5586,Model 837,5
5587,Model 827,5
5588,Model 621,5
5589,Model 615,5
5590,Model 612,5
5591,Model 130,5
5592,Model 120,5
5593,Model 137,5
5594,Model 135,5
5595,Series 65,5
5596,341 B,5
5597,Model 76,5
5598,Model 6-80,5
5599,Model 115,5
5600,Whippet Model 98,5
5601,Series BB,5
5602,President Six,5
5603,Model 6-28,5
5604,Model Q,5
5605,Model 81,5
5606,Model 36,5
5607,Model F-28,5
5608,Model 8-70,5
5609,Century Series M,5
5610,Century Series A,5
5611,Century Series 125,5
5612,Model 835,5
5613,Model 629,5
5614,Model 619,5
5615,Model 614,5
5616,Model 610,5
5617,Model 8-85,5
5618,Model 8-75,5
5619,Victory Six,5
5620,Series 72,5
5621,Series 52,5
5622,341 A,5
5623,Second Series Model 76,5
5624,Whippet Model 93A,5
5625,Model 6-27,5
5626,Model 30-E,5
5627,Series 9,5
5628,Overland Model 90B,6
5629,Overland Model 83,6
5630,Series S,5
5631,Model 66,5
5632,Model 88-6,5
5633,Overland Model 75,6
5634,Four,5
5635,Model 45,5
5636,Model 44-B,5
5637,Model 50,5
5638,12/32 HP,5
5639,Model 671,5
5640,Model 472,5
5641,Model N,5
5642,Type 55,5
5643,Model 4-36,5
5644,Knight,5
5645,Overland Model 83-B,6
5646,Bulldog Special,5
5647,Model 66-A,5
5648,Model 48-B,5
5649,Model 38-C,5
5650,Model 44,5
5651,Model 32,5
5652,Chesterfield Six,5
5653,Model Six 30,5
5654,Type 53,5
5655,Model Union 4-36,5
5656,Model 6-40,5
5657,Model 6-38,5
5658,Model 4-38,5
5659,Knight K-19,5
5660,Knight K-17,5
5661,Overland Model 65,6
5662,Model H.C.S,5
5663,Model 6F,5
5664,Model 4F,5
5665,Model D-6,5
5666,Model 5-48,5
5667,Model 3-38,5
5668,Model 55,5
5669,Model 49,5
5670,38/80 HP,5
5671,38/70 HP,5
5672,15/20 HP,5
5673,10/25 HP,5
5674,10/20 HP,5
5675,Model 30-35,5
5676,490,5
5677,Type 51,5
5678,Model 6-47,5
5679,Model 4-43,5
5680,Overland Model 79,6
5681,Model 6E,5
5682,Model 4E,5
5683,Model 4-48,5
5684,Model 3-48,5
5685,Model 2-38,5
5686,Model 6-60,5
5687,Model 6-48,5
5688,Model 35,5
5689,Greyhound 6-60,5
5690,37/95 HP,5
5691,37/90 HP,5
5692,14/30 HP,5
5693,Model 30,5
5694,MW,6
5695,MA,6
5696,AW,6
5697,AA,6
5698,Model 20-E,5
5699,Model 20,5
5700,Model G,5
5701,Model D,5
5702,Tipo Zero,5
5703,Model 31,5
5704,Model 45B,5
5705,Model 40L,5
5706,Model 40A,5
5707,Model 33M,5
5708,Model 33L,5
5709,Model 37,6
5710,Model 36T,5
5711,Model UE,5
5712,Model NE,5
5713,Model 1-48,5
5714,Defender,5
5715,Model 158,5
5716,Model 148,5
5717,Model 136,5
5718,Series 15 Deluxe,5
5719,Series 15,5
5720,AE Independence Truck,6
5721,452 A,5
5722,370 A,5
5723,4-Litre,5
5724,Model 8-98A,5
5725,Model 8-98,5
5726,Knight Model 6-87,5
5727,President FH,5
5728,President FE,5
5729,Model 6-30 B,5
5730,Model 745,5
5731,Model 740,5
5732,Model 734,5
5733,Model 733,5
5734,Model 726,5
5735,Model F-30,5
5736,Model 101,5
5737,Series 490,5
5738,Series 480,5
5739,Series 450,5
5740,Series 340,5
5741,Fleetwind,5
5742,Fleetway,5
5743,Fleetlands,5
5744,Fleetcliffe,5
5745,Model 150,5
5746,Model 140,5
5747,Model 147,5
5748,Model 145,5
5749,Model CK,5
5750,Series H,5
5751,Autocrat,5
5752,Model K6,5
5753,Model 6-50,5
5754,Model 40N,5
5755,Model 40M,5
5756,Model 40H,5
5757,Model 35L,5
5758,Model 30L,5
5759,Model G-8,5
5760,Model G-10,5
5761,Tourer AA,5
5762,35 HP,5
5763,30 HP,5
5764,25 HP,5
5765,Model 63,5
5766,Model 66T,5
5767,Model 48T,5
5768,Model UDS,5
5769,Model UD,5
5770,Model NC,5
5771,Model 25,5
5772,Model 24,5
5773,75 HP,5
5774,Model Y,5
5775,Model F,5
5776,Model G-7,5
5777,Model AA,5
5778,Reo,5
5779,Model UCS,5
5780,Model UC,5
5781,Model NB,5
5782,40 HP Simplex,5
5783,26/45 HP,5
5784,Model 16,5
5785,Model X,5
5786,Model XXX,5
5787,Great Arrow,5
5788,Model UBS,5
5789,Model UB,5
5790,Model NA,5
5791,Model Z,5
5792,Model DR,5
5793,60 HP Simplex,5
5794,36/65 HP,5
5795,28 HP Simplex,5
5796,21/35 HP,5
5797,Model 6A,5
5798,Model UA,5
5799,Model MR,5
5800,20/35 HP Landaulet,5
5801,Model I,5
5802,Model 27,5
5803,Model 22,5
5804,Model 21,5
5805,Model 6-46,5
5806,Model 6-45,5
5807,Model 4-41,5
5808,Model 4-40,5
5809,Overland Model 69,6
5810,Series B,5
5811,Model SA-25,5
5812,Model AA-35,5
5813,Model CC,5
5814,Model C-6,5
5815,Model 2-48,5
5816,Model 1-38,5
5817,Model A,6
5818,Duryea,5
5819,Type 3,5
5820,Type 2,5
5821,Type 1,5
5822,Model 15,5
5823,Model 14,5
5824,Model 17,5
5825,18/28 HP,5
5826,Type H,5
5827,Type G,5
5828,Type E,5
5829,Type D,5
5830,Model 9503,5
5831,Model 9502,5
5832,Type C,5
5833,Type B,5
5834,Type A,5
5835,Model 6C,5
5836,20 HP Simplex,5
5837,18/22 HP Simplex,5
5838,Gasoline Car Model D,5
5839,Gasoline Car Model C,5
5840,Steam Car,5
5841,Type F,5
5842,Model AC,5
5843,Rambler,5
5844,Motorette,5
5845,Gasoline Car,5
5846,8/11 HP,5
5847,12/16 HP,5
5848,SX4,5
5849,i-290,6
5850,i-370,6
5851,LM002,6
5852,LTD Crown Victoria,5
5853,Fortwo,5
5855,1602,5
5856,Aura,5
5857,Nitro,6
5858,Edge,6
5859,MKZ,5
5860,MKX,6
5861,GS350,5
5862,LS460,5
5863,CX-9,6
5864,E550,5
5865,599 GTB,5
5867,Eos,5
5868,444,5
5869,Tiara,5
5870,356SC,5
5872,250,5
5873,Caribbean,5
5874,Executive,5
5875,Four-Hundred,5
5876,Hawk,5
5877,Packard,5
5878,Patrician,5
5879,Standard Eight,5
5880,Super Deluxe Eight,5
5881,Super Eight,5
5882,Clipper,5
5883,Isetta,5
5884,1600-2,5
5885,1800ti,5
5888,3200CS,5
5889,501,5
5890,501A,5
5891,501B,5
5892,502,5
5893,503,5
5894,507,5
5895,Sierra,5
5898,195,5
5899,212,5
5900,250 Europa,5
5901,250 GT,5
5902,250 GTE,5
5903,250 LM,5
5904,275 GTS,5
5905,275 LM,5
5906,340 America,5
5907,342 America,5
5908,375 America,5
5909,400 Superamerica,5
5910,410 Superamerica,5
5911,500 Superfast,5
5912,Hornet Special,5
5913,Italia,5
5914,Jet,5
5915,Jetliner,5
5916,Pacemaker,5
5917,Super Custom,5
5918,Super Jet,5
5919,Super Wasp,5
5920,Wasp,5
5921,Carolina,5
5922,Darrin,5
5923,Dragon,5
5924,Lincoln,5
5925,170S-V,5
5926,180A,5
5927,180b,5
5928,180C,5
5930,190,5
5931,219,5
5932,220a,5
5933,300B,5
5935,300C,5
5937,300S,5
5938,300SC,5
5939,Ambassador Special,5
5940,Nash-Healey,5
5941,Statesman,5
5942,Deluxe 88,5
5943,Jetstar I,5
5944,Standard 88,5
5945,Belvedere II,5
5947,427,5
5948,428,5
5949,Ace,5
5950,Aceca,5
5951,Greyhound,5
5952,1900C,5
5953,2600,5
5954,Giulia,5
5955,GTA,5
5956,GTC,5
5957,GTZ,5
5958,Giulietta,5
5959,A110,5
5960,Cambridge,5
5961,104,5
5962,Montreal,5
5963,TZ,5
5964,TZ 2,5
5965,A310,5
5966,A35,5
5967,Atlantic,5
5968,Countryman,5
5969,Devon,5
5970,Hereford,5
5971,Mini Moke,5
5972,Princess,5
5973,Sheerline,5
5974,Sports,5
5975,Westminster,5
5976,R Type,5
5977,S1 Series,5
5978,S2 Series,5
5979,S3 Series,5
5980,Type 101,5
5981,AMI-6,5
5982,DS19,5
5983,4.5-Liter,5
5984,DB18,5
5985,DE27,5
5986,DE36,5
5987,DK400,5
5988,Empress,5
5989,Majestic Major,5
5990,Regina,5
5991,SP250,5
5992,Sovereign,5
5993,Special Sports,5
5994,Sportsman,5
5995,Consul,5
5996,2100,5
5997,8V,5
5998,Cortina,5
5999,GT40,5
6000,Squire,5
6001,Taunus,5
6002,Zodiac,5
6003,Fast Roadster,5
6004,Foursome Cabriolet,5
6005,Le Mans Coupe,5
6006,Mille Miglia,5
6007,Targa Florio,5
6008,Silverstone,5
6009,Bellel,5
6010,541,5
6011,541R,5
6012,541S,5
6013,C-V8,5
6014,350GT,5
6015,Appia,5
6016,Aurelia,5
6017,Flaminia,5
6018,Flavia,5
6019,Fulvia,5
6020,Stratos,5
6021,Land Rover,6
6022,1300,5
6023,Magnette,5
6024,A6G,5
6025,3500GT,5
6026,3500GTI,5
6027,Plus Four,5
6028,Prinz,5
6029,110,5
6030,1200C,5
6031,Ro 80,5
6032,TTS,5
6033,Caravan,5
6034,Olympia Rekord,5
6035,403,5
6036,Dauphine,5
6037,Fregate,5
6038,Gordini,5
6039,R8,5
6040,105,5
6041,60,5
6042,75,5
6043,92,5
6044,92B,5
6045,93,5
6046,93B,5
6047,93F,5
6048,GT750,5
6049,GT850,5
6050,Alpine,5
6051,MK III,5
6052,Rapier,5
6053,Sunbeam-Talbot 80,5
6054,2500,5
6055,2500M,5
6056,3000M,5
6057,Grantura,5
6058,Griffith,5
6059,Tuscan,5
6060,Vixen,5
6061,Mayflower,5
6062,Renown,5
6063,TR2,5
6064,TR3,5
6065,Victor,5
6066,Anglia,5
6067,Super,5
6068,Super Shot,5
6069,Super Sports,5
6070,500M,5
6071,Blackhawk,5
6072,Duplex,5
6073,Limousine,5
6075,Facellia,5
6076,Facel III,5
6077,Facel 6,5
6078,FV,5
6079,FVS,5
6080,FV1,5
6081,HK500,5
6082,Excellence,5
6083,Facel II,5
6084,A6G/2000,5
6085,4/4 Series III,5
6086,4/4 Series II,5
6087,4/4 Series IV,5
6088,4/4 Series V,5
6089,Acadia,6
6090,Outlook,6
6091,Rondo,5
6092,R320,5
6093,E10,6
6094,E12,6
6095,E5,6
6096,E7,6
6097,Transtar,6
6098,Champ,6
6099,Scotsman,6
6100,Deluxe,6
6101,2R10,6
6102,2R11,6
6103,2R5,6
6104,2R6,6
6105,3R10,6
6106,3R11,6
6107,3R5,6
6108,3R6,6
6132,B-1,7
6133,B-2,6
6134,P152,6
6135,L110,6
6136,L111,6
6137,L112,6
6138,L120,6
6139,L121,6
6140,L122,6
6141,L150,6
6142,L153,6
6143,LM120,7
6144,LM121,7
6145,LM122,7
6146,LM150,7
6147,B-3,6
6148,B-3 Van,7
6149,L151,6
6150,LB140,7
6151,PM152,6
6152,LM151,7
6153,B-4,7
6154,PM150,6
6155,R100,6
6156,R102,6
6157,R110,6
6158,R111,6
6159,R112,6
6160,R120,6
6161,R121,6
6162,R122,6
6163,R130,6
6164,R131,6
6165,R132,6
6166,RA120,7
6167,RA121,7
6168,RA122,7
6169,RM120,7
6170,RM121,7
6171,RM122,7
6172,C-1,7
6173,C-3,6
6174,PM151,6
6175,PM153,6
6176,PM252,6
6177,PM253,6
6178,PM251,6
6179,S100,6
6180,S102,6
6181,S110,6
6182,S112,6
6183,S120,6
6184,S122,6
6185,S130,6
6186,S132,6
6187,SA120,6
6188,SA122,6
6189,SM120,7
6190,SM122,7
6191,SM130,7
6192,SM132,7
6193,475,6
6195,P300 Series,7
6196,P400 Series,7
6198,A102,6
6199,A110,6
6200,A112,6
6201,A120,6
6202,A122,6
6203,A130,6
6204,A132,6
6205,AB120,7
6206,AM120,7
6207,AM130,7
6208,AM132,7
6209,AM80,7
6210,P310 Series,7
6211,P320 Series,7
6212,P410 Series,7
6213,P420 Series,7
6214,P450 Series,7
6215,B100,6
6216,B102,6
6217,B110,6
6218,B112,6
6219,B120,6
6220,B122,6
6221,B130,6
6222,B132,6
6223,PV1000,6
6225,C100,6
6226,C102,6
6227,C110,6
6228,C112,6
6229,C120,6
6230,C122,6
6231,C130,6
6232,C132,6
6233,FJ3A,6
6234,Station Bus,7
6236,C1000,6
6237,C1100,6
6238,C1200,6
6239,C1300,6
6240,6-230,6
6242,FC170HD,6
6243,J-210,6
6244,J-220,6
6245,J-230,6
6246,J-300,6
6247,J-310,6
6248,J-320,6
6249,J-330,6
6253,C900,6
6256,J-200,6
6257,PB1500 Series,6
6258,D1000,6
6259,D1100,6
6260,D1200,6
6261,D900,6
6263,K1000 Pickup,6
6264,1000A,6
6265,1100A,6
6266,1200A,6
6267,1300A,6
6268,900A,6
6269,CJ5A,6
6270,CJ6A,6
6273,J-4500,6
6274,J-4600,6
6275,J-4700,6
6276,J-4800,6
6277,FJ3,6
6329,Veracruz,6
6330,Alpina B7,5
6331,CL550,5
6332,GL320,6
6333,Enclave,6
6375,LM American,6
6376,Roadster,5
6377,J2,5
6378,K2,5
6379,TA21,5
6380,TB21,5
6381,Hurricane,5
6382,Lancaster,5
6383,Typhoon,5
6384,Whitley,5
6385,401,5
6386,402,5
6387,D6,5
6388,134,5
6389,135,5
6390,148L,5
6391,175,5
6392,178,5
6393,180,5
6394,GP700,5
6395,Gregoire,5
6396,Pullman,5
6397,Super Snipe,5
6398,Javelin,5
6399,Jupiter,5
6400,2 1/2 Liter,5
6401,Eighteen,5
6402,750,5
6403,Minor,5
6404,Oxford,5
6405,1 1/2 Litre,5
6406,2 1/2 Litre,5
6407,Amica,5
6408,Cinq,5
6409,Huit,5
6410,Nine,5
6411,SM1500,5
6412,1101,5
6413,1102,5
6414,Vanguard,5
6415,Tatraplan,5
6416,4/50,5
6417,6/80,5
6418,235,5
6419,Leda,5
6420,Z-102,5
6421,Z-102B,5
6422,Z-102BS,5
6423,Randonee,5
6424,Aronde,5
6425,J2X,5
6426,K3,5
6427,Palm Beach,5
6428,Z-102BSS,5
6429,200CS,5
6430,208S,5
6431,Daina,5
6432,TC21,5
6433,Sapphire,5
6434,Mark B,5
6435,404,5
6436,Corsaire,5
6437,Pirate,5
6438,2300 Sport,5
6439,4/44,5
6440,TC21/100,5
6441,Bolide,5
6442,Isabella,5
6443,3-6,5
6444,MK IIC,5
6445,3 Litre,5
6446,Dyna,5
6447,Pathfinder,5
6448,Doretti,5
6449,Mark C,5
6450,T300,5
6451,TS300,5
6452,GP900,5
6453,Husky,5
6454,500,5
6455,700,5
6456,KR175,5
6457,KR200,5
6458,15/50,5
6459,6/90,5
6460,TC108/G,5
6461,MK IIE,5
6462,L/600,5
6463,Vedette,5
6464,1201,5
6465,440,5
6467,311,5
6468,Janus 250,5
6469,Mark D,5
6470,1300 Super,5
6471,1500 Super,5
6472,Atom,5
6473,Electron,5
6474,Alexander,5
6475,2.6,5
6476,Gazelle,5
6477,TD21,5
6478,Star Sapphire,5
6479,Sports 500,5
6480,406,5
6481,Courier,5
6482,Atomata,5
6483,T400,5
6484,TS400,5
6485,Series 1500,5
6486,407,5
6487,Vignale,5
6488,1.5,5
6489,S440,5
6490,S445,5
6491,SS450,5
6492,15/60,5
6493,Mark E,5
6494,T700 Royal,5
6495,4/68,5
6496,Sussita,5
6497,Ariane,5
6498,950,5
6499,Coventry Climax,5
6500,SPR60,5
6501,1600,5
6502,QB105,5
6503,QB95,5
6504,Superba,5
6505,L6.4,5
6506,Electrina,5
6507,Zeta Super Sports,5
6508,Arabella,5
6509,PL-17,5
6510,Felicia,5
6511,Octavia,5
6512,770,5
6514,Simca,5
6515,Daffodil,5
6516,Junior Deluxe,5
6517,Super Minx,5
6518,Sabre,5
6519,4/72,5
6520,Elf I,5
6521,5,5
6523,TE21,5
6524,408,5
6526,1204,5
6527,1304,5
6528,1700 GT,5
6529,Rivolta,5
6530,Cruiser,5
6531,F11,5
6532,F12,5
6533,1300 GT,5
6534,1700,5
6535,Rebel,5
6536,Scimitar,5
6537,GT America,5
6538,GT Strada 5300,5
6539,409,5
6540,American,5
6541,Grifo,5
6542,Djet5,5
6543,Djet6 Luxe,5
6544,1150,5
6545,TF21,5
6546,1000 MB,5
6547,410,5
6548,44,5
6549,55,5
6550,1600 GT,5
6551,3000 GT,5
6552,S4 Fidia,5
6553,530 LX,5
6554,375,5
6555,Spring,5
6556,411,5
6557,Lele,5
6558,1118,5
6560,SX 2.0,5
6562,LR2,6
6563,CL63 AMG,5
6564,S63 AMG,5
6565,LS1,5
6566,LS2,5
6567,LW1,5
6568,LW2,5
6580,Silverado 3500 HD,6
6581,Sierra 3500 HD,6
6586,528xi,5
6587,535xi,5
6588,Swift+,5
6589,LS600h,5
6590,C30,5
6591,xD,5
6593,S-14,5
6594,S-15,5
6595,Firedome,5
6596,Powermaster,5
6597,Fireflite,5
6598,Adventurer,5
6599,Firesweep,5
6600,Corsair,5
6601,Ranger,5
6602,P252,6
6603,P253,6
6604,Series 88,5
6606,Herald,5
6610,Tribeca,6
6611,C300,5
6612,335xi,5
6613,G8,5
6614,Taurus X,5
6615,Rogue,6
6616,G37,5
6617,A5 Quattro,5
6618,S5,5
6630,TJ,6
6631,LX570,6
6632,GS460,5
6633,GranTurismo,5
6635,Avanti,5
6637,ML550,6
6638,GL550,6
6639,EX35,6
6640,R32,5
6641,Astra,5
6642,TA14,5
6643,TB14,5
6644,Tempest,5
6645,Model B-1,5
6646,L-6,5
6647,L-8,5
6648,Model V,5
6649,Model V-22,5
6650,Model W,5
6651,Jay-Eye-See,5
6652,Model 32A,5
6653,Master,5
6654,Master 85,5
6655,Fleetline,5
6656,Forty,5
6657,Fifty,5
6658,Sixty,5
6659,4-40,5
6660,6-50,5
6661,6-60,5
6662,8-50,5
6663,Aero Eight,5
6664,Beacon,5
6665,Flyer,5
6666,Series V,5
6667,Series V-4,5
6668,Series V-5,5
6669,Series V-6,5
6670,Series V-7,5
6671,Series 71,5
6672,Series 91,5
6673,Series 93,5
6674,Series 99,5
6675,Model SJ,5
6676,Model JN,5
6677,Model A22,5
6678,Model B22,5
6679,Model M2,5
6680,Model M4,5
6681,Model 617,5
6682,Model 22-7-R,5
6683,Model 22-K-4,5
6684,Model 6-65,5
6685,Model 4-55,5
6686,Model 8-81,5
6687,Model 6-70,5
6688,Model 8-82,5
6689,Model 8-78,5
6690,Model 8-91,5
6691,Model 95,5
6692,Model 96,5
6693,Model 75A,5
6694,Model 100,5
6695,Model 86,5
6696,Model 52,5
6697,Badger FWD,5
6698,Model 12,5
6699,Model E-55,5
6700,Model H-40,5
6701,Junior,5
6702,Junior Z-18,5
6703,Model B-60,5
6704,Model E-80,5
6705,Model 82 A,5
6706,Series II,5
6707,Series III,5
6708,Series IV,5
6709,Series VI,5
6710,D-1,5
6711,Deluxe Country Club Eight,5
6712,Special Country Club Eight,5
6713,Special Eight,5
6714,New Day,5
6715,Model MX,5
6716,Line Eight,5
6717,Great Line Eight,5
6718,Air Line Eight,5
6719,Model 6RE,5
6720,Model 8JE,5
6721,Model 8G,5
6722,Model 8T,5
6723,Series 8-90,5
6724,Series 6-73,5
6725,Series 8-126,5
6726,Series 8-95,5
6727,Model 23,5
6728,Minute Man,5
6729,Series 30,5
6730,Model 25-C,5
6731,Model 6-68,5
6732,Model 6-42,5
6733,Model 6-75,5
6734,Model 6-58,5
6735,London,5
6736,Model 6-72,5
6737,Model 6-55,5
6738,Model 56,5
6739,Model 8-67,5
6740,Model 6-90,5
6741,Model 6-91,5
6742,Model 6-61,5
6743,Model 6-81,5
6744,Custom 8,5
6745,Master 8,5
6746,Standard 8,5
6747,Model 1245,5
6748,Model C-6-54,5
6749,Model D-4-75,5
6750,Model 4-75-E,5
6751,Model 4-75,5
6752,Model F-25,5
6753,Model SKL4,5
6754,Model SK6,5
6755,Model 6-C,5
6756,Model 6-S,5
6757,Model D-6-85,5
6758,Model F-6-85,5
6759,Model H-8-90,5
6760,Model J-8-90,5
6761,Model M-6-80,5
6762,Model N-6-80,5
6763,Series KLDH,5
6764,Speedway Six,5
6765,Biltwel Six-27,5
6766,Biltwel Six-28,5
6767,Model 39,5
6768,Model A-44,5
6769,Model D-48,5
6770,Model B-44,5
6771,Model H-44,5
6772,Model H-60,5
6773,Model 96A,5
6774,Model 98A,5
6775,Model 6-69,5
6776,Model 6-79,5
6777,Model 8-92,5
6778,Model O-2,5
6779,Model O-3,5
6780,Model A-2,5
6781,Model O-4,5
6782,Model O-5,5
6783,Drive-it-Yourself,5
6784,Model D-10,5
6785,Model O-6,5
6786,Model D-1,5
6787,IS F,5
6789,A-230,5
6790,A-240,5
6791,DeSoto,5
6792,Bermuda,5
6793,Roundup,5
6794,Sport Bertone,5
6795,C10 Panel,6
6796,C30 Panel,6
6797,C20 Panel,6
6798,K20 Panel,6
6799,Power Wagon,6
6800,Journey,6
6801,128i,5
6802,135i,5
6803,X6,6
6804,Aveo5,5
6805,Wave5,5
6806,XF,5
6807,GT-R,5
6817,525iT,5
6820,FX50,6
6821,DBS,5
6826,C63 AMG,5
6827,Flex,6
6828,MKS,5
6829,SLK300,5
6830,SL63 AMG,5
6831,Traverse,6
6832,Genesis,5
6833,335d,5
6834,Tiguan,6
6835,B2500,7
6836,Borrego,6
6837,XC60,6
6838,GTI,5
6839,G3,5
6840,California,5
6841,528i xDrive,5
6842,535i xDrive,5
6843,Routan,7
6844,Equator,6
6845,CC,5
6846,H3T,6
6851,370Z,5
6852,B200,5
6853,GLK350,6
6854,328i xDrive,5
6855,335i xDrive,5
6856,8C,5
6857,G550,6
6858,Cube,5
6859,Soul,5
6860,S450,5
6861,Q5,6
6862,RX450h,6
6863,S400,5
6864,Genesis Coupe,5
6865,Forte,5
6867,Terrain,6
6936,147,5
6937,156,5
6938,Sportwagon,5
6939,159,5
6940,Brera,5
6941,S3,5
6943,A5,5
6944,323ti,5
6945,120i,5
6946,130i,5
6947,650Ci,5
6948,125i,5
6949,BLS,5
6950,Chevy,5
6951,Lumina Van,7
6954,Silverado,6
6955,Cargo Van,7
6956,Chevy Pickup,6
6957,L30,7
6958,Tigra,5
6959,Sonora,6
6960,Corsa,5
6961,Zafira,7
6962,Chevy Monza,5
6963,Vectra,5
6964,Meriva,7
6965,Tornado,6
6968,Chrysler R/T,5
6971,Atos,5
6972,H100,6
6973,Verna,5
6974,Attitude,5
6975,Van 1000,7
6976,F1,5
6977,F4,5
6978,F5,5
6979,Palio,5
6981,Panda,5
6982,Stilo,5
6983,Strada,6
6984,Ducato,7
6985,Idea,7
6986,Albea,5
6987,Club Wagon,7
6988,F-100 Ranger,6
6990,Econoline,7
6991,Ka,5
6992,Lobo,6
6993,Mondeo,5
6994,Fiesta Ikon,5
6995,Ikon,5
6996,EcoSport,6
6997,Transit,7
6998,Forland,6
6999,Ollin,6
7000,Sierra,6
7001,GF3600,6
7002,GF8,7
7003,GF900,6
7005,TF,5
7006,ZT,5
7007,ZR,5
7008,3200 GT,5
7009,4200,5
7011,MX-5,5
7013,SL60 AMG,5
7014,E280,5
7015,A160,5
7016,A190,5
7017,C200,5
7018,CL200,5
7019,CL230,5
7020,SLK200,5
7022,Sprinter,7
7023,CLK280,5
7024,CLS350,5
7025,GL500,6
7026,GLK280,6
7027,Space Star,5
7028,Grandis,7
7029,L200,6
7030,Tsubame,5
7031,Tsuru,5
7032,Lucino,5
7033,Urvan,7
7034,Almera,5
7035,Platina,5
7038,Micra,5
7039,Tiida,5
7040,Aprio,5
7041,Cabstar,6
7042,Cabstar E,6
7043,NP300,6
7045,306,5
7046,206,5
7047,607,5
7048,307,5
7049,Partner,7
7050,Grand Raid,5
7051,207,5
7052,Expert,7
7053,308,5
7054,Manager,7
7055,Matiz,5
7056,G4,5
7057,Megane,5
7058,Scenic,5
7059,Clio,5
7060,Kangoo Express,7
7061,Scenic II,5
7062,Euro Clio,5
7063,Kangoo,7
7064,Trafic,7
7065,Koleos,6
7066,Mini,5
7067,Ibiza,5
7068,Leon,5
7069,Toledo,5
7070,Alhambra,7
7071,Altea,5
7072,Altea XL,5
7073,City-Coupe,5
7074,Crossblade,5
7075,Forfour,5
7076,Rexton,6
7078,Hilux,6
7079,Hiace,7
7081,Caravelle,7
7082,Combi,7
7083,Derby,5
7084,Panel,7
7085,Sedan,5
7086,Pointer,5
7087,Pointer Truck,6
7088,Sharan,7
7089,Polo,5
7090,Lupo,5
7093,SportVan,5
7094,Crafter Van,7
7099,HS250h,5
7100,MKT,6
16128,XJ,5
16129,XFR,5
16130,Transit Connect,7
16131,LR4,6
16132,750i xDrive,5
16133,750Li xDrive,5
16134,550i GT,5
16135,GL350,6
16136,Panamera,5
16137,Accord Crosstour,5
16138,Evora,5
16139,ML450,6
16140,ZDX,6
16141,GX460,6
16142,Passat CC,5
16143,Stout,6
16144,M37,5
16145,M56,5
16146,458 Italia,5
16147,Kizashi,5
16148,535i GT,5
16149,Alpina B7L,5
16150,335is,5
16151,740Li,5
16152,C250,5
16154,9-3X,5
16155,Alpina B7 xDrive,5
16156,Alpina B7L xDrive,5
16157,SLS AMG,5
16205,2,5
16206,Cruze,5
16207,550i xDrive,5
16208,CR-Z,5
16209,535i GT xDrive,5
16210,550i GT xDrive,5
16211,G25,5
16212,Juke,6
16213,Equus,5
16214,Golf City,5
16215,Jetta City,5
16216,Outlander Sport,6
16219,V12 Vantage,5
16220,Volt,5
16221,599 GTO,5
16222,Cooper Countryman,5
16223,Leaf,5
16226,CT200h,5
16227,1500,6
16228,2500,6
16229,3500,6
16230,LFA,5
20925,Standard Truck,6
20931,Master Truck,6
20936,Model 39 Truck,6
20937,Model 48 Truck,6
20948,TC,5
20949,P300 Van,7
20950,P100 Van,7
20951,P200 Van,7
20955,M151,6
20956,1 Ton Pickup,6
20957,1/2 Ton Pickup,6
20958,100-22,6
20959,100-24,6
20960,1000S,5
20961,102-22,6
20962,1310M,6
20963,150-22,6
20964,150-24,6
20965,204,5
20966,205,5
20967,220b,5
20968,220Sb,5
20969,250-22,6
20970,250-24,6
20971,250SEC,5
20972,253-22,6
20973,280-22,6
20975,2R16,6
20976,2R16A,6
20977,2R17,6
20978,2R17A,6
20979,3/4 Ton Pickup,6
20980,300-24,6
20981,3000,6
20984,350-24,6
20985,350-27,6
20986,350-8,6
20987,353,5
20988,355 A,5
20989,355 B,5
20990,355 D,5
20992,370,5
20993,370,6
20994,370 C,5
20995,370 D,5
20999,3B,6
21000,3C,6
21001,3D,6
21002,3E,6
21003,3.00E+01,6
21004,3.00E+10,6
21005,3.00E+11,6
21006,3E11D,6
21007,3.00E+12,6
21008,3E12D,6
21009,3.00E+13,6
21010,3.00E+14,6
21011,3.00E+05,6
21012,3.00E+06,6
21013,3E6D,6
21014,3.00E+07,6
21015,3E7D,6
21016,3F,6
21017,3G,6
21018,3R16,6
21019,3R17,6
21020,3R28,6
21021,3R38,6
21022,4-63,6
21023,4-63 Pickup,6
21024,4-73 Pickup,6
21025,4-73 Sedan Delivery,6
21026,4-75 Pickup,6
21027,4-75 Sedan Delivery,6
21028,439,6
21029,441,5
21031,450 SS,5
21032,452 B,5
21033,452 C,5
21034,4.00E+01,6
21035,4.00E+11,6
21036,4E11D,6
21037,4.00E+12,6
21038,4E12D,6
21039,4.00E+13,6
21040,4.00E+14,6
21041,4.00E+02,6
21042,4E2D,6
21043,4.00E+03,6
21044,4E3D,6
21045,4.00E+05,6
21046,4.00E+07,6
21047,4E7D,6
21048,5-75,5
21049,530 SX,5
21050,5.00E+11,6
21051,5.00E+12,6
21052,5E12D,6
21053,5.00E+13,6
21054,5E13D,6
21055,5.00E+05,6
21056,5.00E+06,6
21057,5.00E+07,6
21058,5E7D,6
21059,6.00E+10,6
21060,6.00E+11,6
21061,6.00E+12,6
21062,6E12D,6
21063,6.00E+13,6
21064,6E13D,6
21065,6.00E+05,6
21066,6.00E+07,6
21067,6E7D,6
21068,7.00E+10,6
21069,7.00E+11,6
21070,7.00E+12,6
21071,7E12D,6
21072,7.00E+13,6
21073,7E13D,6
21074,7.00E+05,6
21075,7.00E+07,6
21076,803,5
21077,8.00E+10,6
21078,8.00E+11,6
21079,8.00E+12,6
21080,8E12D,6
21081,8.00E+13,6
21082,8E13D,6
21083,8.00E+14,6
21084,8.00E+15,6
21085,8.00E+05,6
21086,8.00E+06,6
21087,8.00E+07,6
21088,8E7D,6
21089,96 GT,5
21090,96 Sport,5
21091,A100 Pickup,6
21092,A100 Van,7
21093,A11,5
21094,A11E,5
21095,A2,5
21096,A30,5
21097,A60,5
21098,A7,5
21099,A70,5
21100,A8B,5
21101,A9,5
21102,A9L,5
21103,AB1200,7
21104,AB140,7
21105,AB1400,7
21106,AC100,6
21107,AC150,6
21108,AC250,6
21109,AC300,6
21110,Aero Ace,5
21111,Aero Comet,5
21112,Aero Eagle,5
21113,Aero Falcon,5
21114,Aero Lark,5
21115,Aero Lark,6
21116,Aero Wing,5
21117,Aerobus,5
21118,AJ,6
21119,AK,6
21120,AL,6
21121,AM,6
21122,AM150,7
21123,Americar,5
21125,AN,6
21126,B105,5
21127,B95,5
21128,Beaumont,5
21129,BG,6
21130,BJ,6
21131,BK,6
21132,BL,6
21133,Bluebird,5
21134,BM,6
21135,BN,6
21136,C-4,6
21137,C19,5
21138,C23,5
21139,C26,5
21140,C28,5
21141,C33,5
21142,C34,5
21144,C36,5
21145,C37,5
21146,C40,6
21147,CC100,6
21148,CC101,6
21149,CC102,6
21150,CC150,6
21151,CC250,6
21152,CC260,6
21153,CC300,6
21154,CCV100,6
21155,CCX250,6
21156,CK,6
21157,Classic 98,5
21158,CM110,6
21159,CM110,7
21160,CM75,7
21161,CM80,7
21162,Competition,5
21163,Confederate BB,6
21164,Corvair Truck,6
21165,D100 Panel Delivery,6
21166,D110 Pickup,6
21167,D1300,6
21168,D200 Panel Delivery,6
21169,D210 Pickup,6
21170,DJ,6
21171,DP,6
21172,DR,6
21173,DS,6
21174,E-47,5
21175,E11,6
21176,E13,6
21177,E14,6
21178,E15,6
21179,E16,6
21180,E17,6
21181,E28,6
21182,E38,6
21183,E6,6
21184,Eagle CB,6
21185,EC100,6
21186,EC101,6
21187,EC102,6
21188,EC150,6
21189,EC152,6
21190,EC250,6
21191,EC251,6
21192,EC252,6
21193,EC280,6
21194,EC282,6
21195,EC283,6
21196,EC350,6
21197,EF241,6
21198,EF242,6
21199,EF350,6
21200,Eleven,5
21201,Estate,5
21202,F-47,5
21203,F100 Panel Delivery,6
21204,F100 Pickup,6
21205,F1B Pickup,6
21206,F2,6
21207,F2B Pickup,6
21208,F3,6
21209,F350,6
21210,F350-24,6
21211,F350-27,6
21212,F370,6
21213,F3B Pickup,6
21214,F4-134,6
21215,F4B Pickup,6
21216,FA-134,6
21217,Farm-O-Road,6
21218,FC100,6
21219,FC100-22,6
21220,FC101,6
21221,FC102,6
21222,FC152,6
21223,FC1B Panel Delivery,6
21224,FC1B Pickup,6
21225,FC1C Pickup,6
21226,FC250,6
21227,FC251,6
21228,FC252,6
21229,FC253,6
21230,FC280,6
21231,FC281,6
21232,FC283,6
21233,FC300,6
21234,FC350,6
21235,FC3B Panel Delivery,6
21236,FC3B Pickup,6
21237,FC3C Pickup,6
21238,FC4B Panel Delivery,6
21239,FC4B Pickup,6
21240,FC4C Pickup,6
21241,FCS300,6
21242,FCS350,6
21243,FD1 Pickup,6
21244,FE1 Panel Delivery,6
21245,FE1 Pickup,6
21246,FE1 Sedan Delivery,6
21247,FE2 Pickup,6
21248,FF350,6
21249,FG1 Panel Delivery,6
21250,FG1 Pickup,6
21251,FG1 Sedan Delivery,6
21252,FG2 Pickup,6
21253,FH1 Panel Delivery,6
21254,FH1 Pickup,6
21255,FH2 Pickup,6
21256,FJ1 Panel Delivery,6
21257,FJ1 Pickup,6
21258,FJ2 Pickup,6
21259,FJ8,6
21260,FK1 Panel Delivery,6
21261,FK1 Pickup,6
21262,FK2 Pickup,6
21263,FK6 Panel Delivery,6
21264,FK6 Pickup,6
21265,FK8 Panel Delivery,6
21266,FK8 Pickup,6
21267,FL1 Panel Delivery,6
21268,FL1 Pickup,6
21269,FL2 Pickup,6
21270,FL6 Panel Delivery,6
21271,FL6 Pickup,6
21272,FL8 Panel Delivery,6
21273,FL8 Pickup,6
21274,Fleetline Truck,6
21275,Fleetmaster Truck,6
21276,FM1 Panel Delivery,6
21277,FM1 Pickup,6
21278,FM340,6
21279,FM350,6
21280,FN1 Panel Delivery,6
21281,FN1 Pickup,6
21282,FO1 Panel Delivery,6
21283,FO1 Pickup,6
21284,FO2 Pickup,6
21285,FP1 Panel Delivery,6
21286,FP1 Pickup,6
21287,FP152,6
21288,FP2 Pickup,6
21289,FW100 Panel Delivery,6
21290,FW100 Pickup,6
21291,G-47,5
21292,GC,6
21293,GD,6
21294,GE,6
21295,GK1,5
21296,Golden Rocket 88,5
21298,HC,6
21299,HD,6
21300,HE,6
21301,Hi-Lux,6
21302,I1000,6
21303,I1500,6
21304,I2500,6
21305,I3500,6
21306,Imp,5
21307,Indy America,5
21308,IT,5
21309,J-47,5
21310,J-72,5
21311,J5,6
21312,JC,6
21313,JD,6
21314,K1000,6
21317,K5,6
21318,KC,6
21319,KD,6
21320,KF,6
21321,KP,6
21322,L-47,5
21323,L130,6
21325,L3500,6
21326,L5,6
21327,LI3500,6
21328,Limited Series 80,5
21329,LM153,7
21330,M15,6
21331,M15A,6
21332,M16,6
21333,M17,6
21334,M340,6
21335,M350-24,6
21336,M350-27,6
21337,M375,6
21338,M400,6
21339,M700,7
21340,MB300,6
21341,MG,5
21342,Mini 850,5
21343,MK I,5
21344,Model 40 A,5
21345,Model 62,5
21346,Model BB,6
21347,Model TT,6
21348,Nomad,5
21349,P100 Parcel Delivery,7
21350,P1000,6
21351,P150-22,6
21352,P200 Parcel Delivery,7
21353,P300 Parcel Delivery,7
21354,Panel Delivery,6
21355,Parkwood,5
21356,Patrol,6
21357,Pioneer,5
21358,PM150-22,6
21359,PM150-24,6
21360,PM152-22,6
21361,PM250,6
21362,PM250-24,6
21363,Police Car,5
21364,R300,6
21365,R400,6
21366,RM300,6
21367,RM400,6
21368,Roadmaster Series 90,5
21369,S300,6
21370,S300-24,6
21371,S370,6
21372,Sedan Delivery,6
21373,Seneca,5
21374,Series 60 Special,5
21375,Series CG,5
21376,Series CH,5
21377,Series CJ,5
21378,Shelby Cobra,5
21379,Shrike,5
21380,Snipe,5
21381,SS,5
21382,Station Sedan,5
21383,Station Wagon,5
21384,Strato-Chief,5
21385,T14,6
21386,T145,6
21387,T14A,6
21388,T14B,6
21389,T15,6
21390,T155,6
21391,T16L,6
21392,Taxi,5
21393,Taxicab,5
21394,Texan,5
21395,Transmode,6
21396,Utility Wagon,6
21397,V12,5
21398,VA,6
21399,Vallelunga,5
21400,VC,6
21401,VD15,6
21402,VD20,6
21403,VD21,6
21404,W100 Panel Delivery,6
21405,W110 Pickup,6
21406,WA,6
21407,WC,6
21408,WD15,6
21409,WD20,6
21410,WD21,6
21411,WDX,6
21412,Yeoman,5
21413,YR,6
21414,B110,5
21415,B3500,6
21416,C25,5
21417,F1,6
21418,Model AA,6
21419,Rogue,5
21424,1100D,5
21425,1100D,6
21426,1200C,6
21429,250,6
21430,300,6
21435,3200,5
21440,442,5
21442,6-226,6
21443,A100 Truck,6
21444,A100,7
21445,B-1 Truck,6
21446,B-4 Truck,6
21447,C-1 Truck,6
21448,Chevelle,5
21450,D21,5
21451,DB,5
21452,DB,6
21453,F-134,6
21454,F4,6
21455,G20 Van,7
21456,G35/G3500 Van,7
21457,Gran Sport,5
21461,Monterey,5
21462,P-100,7
21463,P10 Van,7
21464,P100,6
21466,P200,6
21468,P300,6
21470,R100,5
21472,Suburban,6
21473,Suburban,5
21474,Universal,5
21475,Universal,6
21476,Universal Truck,6
21477,V3000 Forward Control,6
21478,Willys,6
21479,Wm300 Power Wagon,6
21502,Ghost,5
21503,1 Series M,5
21504,Scorpion,5
21505,NV1500,7
21506,NV2500,7
21507,NV3500,7
21510,RVR,6
21513,A7 Quattro,5
21514,M35h,5
21515,Gol,5
21516,Captiva Sport,6
21517,Sonic,5
21518,640i,5
21519,650i xDrive,5
21520,X1,6
21522,Prius V,5
21523,Crosstour,5
21524,Veloster,5
21525,XKR-S,5
21526,Range Rover Evoque,6
21527,Verano,5
21528,100-6,5
21529,Sprite,5
21530,3000,5
21531,Aventador,5
21532,9-4X,6
21536,Orlando,6
21537,3 Sport,5
21562,iQ,5
21563,FF,5
21564,i-MiEV,5
21565,C/V,7
21570,G3 Wave,5
21579,Prius C,5
21583,MV-1,7
21584,CX-5,6
21586,MP4-12C,5
21589,SX4 Crossover,5
21593,Forte5,5
21594,640i Gran Coupe,5
21595,XTS,5
21596,JX35,6
21597,G63 AMG,6
21598,BRZ,5
21599,FR-S,5
21600,One-77,5
21602,RM350,6
21603,Spark,5
21604,ILX,5
21609,ATS,5
21610,SLK250,5
21611,Fluence,5
21613,GL63 AMG,6
21614,EX37,6
21615,FX37,6
21616,C-Max,5
21625,135is,5
22499,XV Crosstrek,6
22525,ES300h,5
22568,FasTrack FT1261,7
22569,FasTrack FT1260,7
22570,FasTrack FT931,7
22571,FasTrack FT1061,7
22572,FasTrack FT1461,7
22573,FasTrack FT1601,7
22574,FasTrack FT1460,7
22575,FasTrack FT1600,7
22576,FasTrack FT1800,7
22577,FasTrack FT1801,7
22578,FasTrack FT1802,7
22579,Mito,5
22580,A1,5
22581,RS5,5
22582,Q3,6
22583,118i,5
22586,Cheyenne,6
22587,Express Cargo,7
22588,Express Pasajeros,7
22589,H100 Van,7
22590,i10,5
22591,Econoline Van,7
22592,Econoline Wagon,7
22596,City,5
22597,Defender,6
22598,GranCabrio,5
22599,MXT,5
22600,GLK300,6
22601,Vito,7
22602,C180,5
22603,E250,5
22604,B180,5
22605,E200,5
22606,March,5
22607,3008,5
22608,RCZ,5
22609,508,5
22611,Safrane,5
22612,Sandero,5
22613,Stepway,5
22614,Scala,5
22615,Duster,6
22617,Nuevo Ibiza,5
22618,Exeo,5
22619,Beetle Cabrio,5
22621,GLI,5
22622,Gol Sedan,5
22625,Saveiro,6
22627,Amarok,6
22628,Clasico,5
22634,650i Gran Coupe,5
22636,Model 67,6
22637,Model 50,6
22638,M-47,6
22639,PT-50,6
22640,PT-57,6
22641,ActiveHybrid 5,5
22670,ActiveHybrid 3,5
22671,ActiveHybrid 7,5
22672,740Li xDrive,5
22673,458 Spider,5
22794,S,5
22796,F12 Berlinetta,5
22913,Police Interceptor Sedan,5
22914,Police Interceptor Utility,6
22918,Punto,5
22928,WRX,5
22929,WRX STI,5
22931,Forte Koup,5
22935,NV200,7
22936,Linea,5
22942,V60,5
22944,320i xDrive,5
22946,RLX,5
22947,B250,5
22948,XFR-S,5
22951,Trax,6
22952,Cooper Paceman,5
23322,301,5
23324,NV350 Urvan,7
23325,500L,5
23327,Cadenza,5
23332,SQ5,6
23334,RS7,5
23335,Spark EV,5
23336,GLK250,6
23337,F-Type,5
23438,CLA180,5
23439,CLA250,5
23441,Multivan,7
23442,V40 Cross Country,5
23443,M6 Gran Coupe,5
23444,650i xDrive Gran Coupe,5
23445,640i xDrive,5
23446,640i xDrive Gran Coupe,5
23448,Versa Note,5
23449,Envoy XUV,6
23450,Envoy XL,6
23451,Trailblazer EXT,6
23452,Escalade ESV,6
23453,Escalade EXT,6
23454,ProMaster 1500,7
23455,ProMaster 2500,7
23456,ProMaster 3500,7
23458,Karma,5
23459,Q50,5
23460,QX80,6
23465,Encore,6
23466,Impala Limited,5
23467,428i,5
23468,435i,5
23469,428i xDrive,5
23470,435i xDrive,5
23475,A3 Quattro,5
23478,ASX,6
23480,Note,5
23481,208,5
23482,Nuevo Gol,5
23483,E400,5
23484,CLA45 AMG,5
23485,QX50,6
23486,QX60,6
23487,QX70,6
23488,Q60,5
23489,allroad,5
23491,328i GT xDrive,5
23492,335i GT xDrive,5
23522,Elantra Coupe,5
23523,Q70,5
23524,328d,5
23525,328d xDrive,5
23526,535d,5
23527,535d xDrive,5
23528,ELR,5
23531,A180,5
23532,A200,5
23533,208 GT,5
23534,E63 AMG S,5
23535,CLS63 AMG S,5
23536,Wraith,5
23537,Santa Fe XL,6
23538,PB2500 Van,7
23539,PB3500 Van,7
23540,Elantra GT,5
23541,A4 allroad,5
23542,Relay,7
23543,A45 AMG,5
23544,A250,5
23545,CLA200,5
23546,G65 AMG,6
23553,X,6
23965,4C,5
23966,P1,5
23967,M235i,5
23968,1000,6
23969,LaFerrari,5
23970,520i,5
23971,Vento,5
23972,Rogue Select,6
23973,Yukon XL,6
23974,S-Cross,6
23975,i3,5
23976,MKC,6
23977,K900,5
23981,Transit-150,7
23982,Transit-250,7
23983,Transit-350,7
23984,Transit-350 HD,7
23987,Macan,6
23988,City Express,7
23989,CrossFox,6
23990,220i,5
23991,235i,5
23993,M4,5
23994,428i Gran Coupe,5
23995,435i Gran Coupe,5
23996,435i xDrive Gran Coupe,5
23997,428i xDrive Gran Coupe,5
23999,Uno,5
24001,e-Golf,5
24002,M135i,5
24003,918 Spyder,5
24004,Grand i10,5
24005,ix35,6
24006,228i xDrive,5
24007,M235i xDrive,5
24008,X4,6
24009,Q70L,5
24011,TLX,5
24014,Q3 Quattro,6
24015,GLA250,6
24016,GLA45 AMG,6
24017,GLA200,6
24018,2008,6
24020,ML250,6
24021,CLS400,5
24022,ML400,6
24023,Huracan,5
24024,NX300h,6
24025,NX200t,6
24244,Special Service Police Sedan,5
24245,Soul EV,5
24247,Freetrack,7
24248,Altea XL,7
24249,Caddy,7
24250,RC350,5
24251,Q40,5
24252,Logan,5
24253,Avanza,7
24254,B Electric Drive,5
24256,RC F,5
24257,Alpina B6 xDrive Gran Coupe,5
24258,i8,5
24259,650S,5
24260,Renegade,6
24261,C400,5
24262,SL400,5
24263,Brasilia,5
24264,Caribe,5
24265,California T,5
24266,458 Speciale,5
24267,ProMaster City,7
24268,V60 Cross Country,5
24269,740Ld xDrive,5
24271,B-100,7
24613,Corsar,5
24614,Ghia,5
24673,Ciaz,5
24674,500X,6
24675,R550,5
24901,D100 Panel,6
24902,Hormiga,6
24969,Discovery Sport,6
24970,NP300 Frontier,6
24971,Malibu Limited,5
25020,AMG GT S,5
25021,Maybach S600,5
25022,HR-V,6
25028,Golf SportWagen,5
25029,CX-3,6
25030,570S,5
25031,S60 Cross Country,5
25034,Cruze Limited,5
25035,DM350,7
25036,Hikari,5
25044,Turismo 2.2,5
25045,TC3,5
25046,iM,5
25047,iA,5
25048,ProMaster Rapid,7
25049,420i,5
25050,420i Gran Coupe,5
25051,Mirai,5
25090,MB,6
25096,340i,5
25097,340i xDrive,5
25098,Silverado 1500 Classic,6
25099,Silverado 2500 HD Classic,6
25100,Silverado 3500 Classic,6
25101,Sierra 1500 Classic,6
25102,Sierra 2500 HD Classic,6
25103,Sierra 3500 Classic,6
25104,Cascada,5
25105,CT6,5
25106,IS200t,5
25122,Silverado 1500 HD Classic,6
25123,Sierra 1500 HD Classic,6
25126,Metris,7
25127,GLC300,6
25128,GLE300d,6
25129,GLE350,6
25130,GLE400,6
25131,GLE63 AMG,6
25132,GLE63 AMG S,6
25133,GLE450 AMG,6
25134,S550e,5
25135,C63 AMG S,5
25136,C450 AMG,5
25137,F-200,6
25138,B-200 Panel,6
25140,GS200t,5
25142,XE,5
25143,GLE500,6
25144,S400L,5
25145,S600L,5
25146,S63L AMG,5
25147,S65L AMG,5
25151,Crosstrek,6
25161,A3 Sportback e-tron,5
25162,Cooper Clubman,5
25163,Titan XD,6
25165,RC200t,5
25166,RC300,5
25167,GS F,5
25169,Figo,5
25171,488 Spider,5
25172,488 GTB,5
25173,AF230,6
25174,AF240,6
25175,AFP230,6
25176,AFP240,6
25177,AC252,6
25178,EF240,6
25179,EFP240,6
25198,GLE550,6
25199,GLE350d,6
25200,Prius Plug-In,5
25202,Spark Classic,5
25203,GLA180,6
25204,Crafter,6
25215,Pathfinder Armada,6
25216,Venza,6
25217,XT5,6
25218,Envision,6
25219,Pacifica,7
25220,Alpina B6 Gran Coupe,5
25222,700,6
25620,Suburban 3500 HD,6
25622,FB,5
25623,Capitol,5
25624,National,5
25625,International,5
25626,Model T,6
25627,Model G,6
25628,Superior Truck,6
25629,Capitol Truck,6
25630,National Truck,6
25631,International AC Series Truck,6
25632,Bentayga,6
25633,V220d,7
25634,Up!,5
25746,124 Spider,5
25747,4000,6
25748,F-Pace,6
25749,Levante,6
25750,M2,5
25751,Acadia Limited,6
25754,Golf R,5
25755,Mirage G4,5
25756,330e,5
25757,F-250 HD,6
25758,GLS550,6
25759,GLS450,6
25761,GLS350d,6
25762,GLS63 AMG,6
25764,C350e,5
25765,570GT,5
25766,740i xDrive,5
25787,SLC180,5
25788,SLC200,5
25789,SLC43 AMG,5
25791,Bravo,5
25792,86,5
25794,Corolla iM,5
25795,Yaris iA,5
25796,Rush,6
25797,Grand Raid,7
25798,718 Boxster,5
25799,718 Cayman,5
25800,GLE550e,6
25801,Golf Alltrack,5
25802,B250e,5
25804,QX30,6
25805,2R15,6
25806,2R14,6
25807,3R15,6
25808,3R14,6
25809,M240i,5
25810,M240i xDrive,5
25811,230i,5
25812,230i xDrive,5
25813,330i xDrive,5
25814,330i GT xDrive,5
25815,340i GT xDrive,5
25816,440i,5
25817,440i xDrive,5
25818,440i Gran Coupe,5
25819,440i xDrive Gran Coupe,5
25820,430i xDrive,5
25821,430i Gran Coupe,5
25822,430i xDrive Gran Coupe,5
25823,AMG GT,5
25824,GLC43 AMG,6
25825,SLC300,5
25826,D20,5
25828,RS Q3,6
25830,GLE43 AMG,6
25831,G80,5
25832,G90,5
25833,DB11,5
25834,Bolt EV,5
25835,GTC4Lusso,5
25836,X25,6
25837,Creta,6
25838,M140i,5
25850,530i xDrive,5
25851,540i xDrive,5
25856,740e xDrive,5
25857,G-100,7
25863,Kicks,6
25864,Viano,7
26320,Maybach S550,5
26321,E43 AMG,5
26322,SL450,5
26323,Prius Prime,5
26330,GF60,7
26331,Dawn,5
26332,Centenario,5
26334,Ichi Van,7
26335,A45,5
26336,S500L,5
26347,Niro,6
26349,Rogue Sport,6
26364,V250,7
26365,Mobi,5
26366,Transit Custom,7
26367,GF1500,6
26372,GLC250,6
26417,Ioniq,5
26418,Stelvio,6
26419,M760i xDrive,5
26421,V90 Cross Country,5
26422,Range Rover Velar,6
26423,LC500,5
26424,LC500h,5
26425,LS500,5
26426,LS500h,5
26427,AMG GT R,5
26428,AMG GT C,5
26430,A5 Sportback,5
26431,S5 Sportback,5
26432,Regal TourX,5
26433,Stinger,5
26434,Explorer Sport,6
26435,C-HR,6
26436,Atlas,6
26437,ELF 100,6
26438,ELF 200,6
26439,ELF 300,6
26441,NT400 Cabstar,6
26442,Captur,6
26443,Ateca,6
26444,Ignis,5
26555,M550i xDrive,5
26563,9-3 Griffin,5
26565,Qashqai,6
26572,Sakura,5
26573,Samurai,5
26574,Lerma,5
26575,Rally,5
26576,B-200,7
26577,Beat,5
26578,SEI 2,6
26579,SEI 3,6
26580,BJ40,6
26581,RS3,5
26583,S560,5
26584,Maybach S560,5
26585,E-Pace,6
26831,XV,6
26833,Tiguan Limited,6
26834,530e,5
26835,530e xDrive,5
26836,M760Li xDrive,5
26837,NX300,6
26846,Step Van,6
26847,LCF 3500,6
26859,Q2,6
26860,Q2 Quattro,6
26861,X65,6
26880,Regal Sportback,5
26881,Chiron,5
26882,Wrangler JK,6
26883,812 Superfast,5
26884,Portofino,5
26885,XJR575,5
26891,Clarity,5
26892,GLC63 AMG,6
26893,GLC63 AMG S,6
26894,i3s,5
26936,Aumark 2000,6
26937,Aumark 3000,6
26943,H200,6
26944,H300,6
26945,HD55,6
26954,XC40,6
26955,Maybach S650,5
27183,Traveller,7
27184,Kona,6
27185,J4,5
27186,5008,6
27187,B-150,7
27188,Outlander PHEV,6
27189,RX350L,6
27190,RX450hL,6
27191,X2,6
27193,Nautilus,6
27194,Arteon,5
27195,Ascent,6
27196,Eclipse Cross,6
27197,G550 4x4,6
27200,BR-V,6
27201,Santa Fe Sport,6
27203,GLC350e,6
27204,I-Pace,6
27205,640i xDrive Gran Turismo,5
27206,F12tdf,5
27207,Sierra 1500 Limited,6
27208,Silverado 1500 LD,6
27209,FJ6,7
27210,Veneno,5
27211,Urus,6
27342,M850i xDrive,5
27344,G70,5
27345,Kona Electric,6
27349,740Le xDrive,5
27350,XT4,6
27351,Revero,5
27385,Rekord,5
27386,Olimpico,5
27387,Arona,6
27389,Teramont,6
27390,Starex,7
27391,540C,5
27392,675LT,5
27393,1500 Classic,6
27394,GTC4Lusso T,5
27406,600LT,5
27410,R4,5
27411,GLS500,6
27412,720S,5
27413,RS5 Sportback,5
27415,A220,5
27425,e-tron Quattro,6
27426,Q8,6
27427,Nexo,6
27432,540d xDrive,5
27433,488 Pista,5
27434,Veloster N,5
27435,Prius AWD-e,5
27436,BJ20,6
27437,A7 Sportback,5
27438,UX200,6
27439,UX250h,6
27440,AMG GT 63,5
27441,AMG GT 63 S,5
27442,CLS450,5
27443,CLS53 AMG,5
27444,E450,5
27445,E53 AMG,5
27566,Telluride,6
27567,Palisade,6
27569,M340i,5
27570,M340i xDrive,5
27571,X7,6
27572,Niro EV,6
27573,Cullinan,6
27574,GLE500e,6
27575,S450L,5
27576,S560e,5
27577,S560L,5
27578,Oroch,6
27579,AMG GT 53,5
27580,X35,6
27581,Frison,6
27582,SEI 7,6
27639,XT6,6
27640,745e xDrive,5
27641,Police Responder Hybrid,5
27642,SSV Plug-In Hybrid,5
27643,Sprinter 1500,7
27646,Ertiga,5
27648,GLE450,6
27649,A35 AMG,5
27650,CLA35 AMG,5
27651,AMG GT R Pro,5
27658,Venue,6
27659,GLS580,6
27662,CT5,5
27663,Corsair,6
27665,EQ fortwo,5
27666,CLA45 AMG S,5
27678,Tarraco,6
27679,CT4,5
27680,M8,5
27681,GLB250,6
27724,718 Spyder,5
27725,488 Pista Spider,5
27726,SF90 Stradale,5
27730,GF250,6
27732,GF70,7
27733,KWID,6
27734,C12,5
27735,C8,5
27839,Encore GX,6
27872,Bukhara,7
27873,Hunter,6
27874,Profi,6
27875,Virtus,5
27876,MX2,5
27877,MX3,5
27878,LCF 3500HD,6
27881,Evora GT,5
27883,Taycan,5
27887,F8 Tributo,5
27888,Rifter,7
27935,GR Supra,5
27936,TTS Quattro,5
27937,TT RS Quattro,5
27938,Atlas Cross Sport,6
27939,840i,5
27940,840i Gran Coupe,5
27941,840i xDrive,5
27942,840i xDrive Gran Coupe,5
28181,M8 Gran Coupe,5
28182,Master Deluxe,5
28191,745e,5
28282,M850i xDrive Gran Coupe,5
28287,CX-30,6
28288,e-tron Sportback,6
28289,Y,6
28290,A6 allroad,5
28291,228i xDrive Gran Coupe,5
28292,M235i xDrive Gran Coupe,5
28293,RAV4 Prime,6
28294,DBX,6
28295,Seltos,6
28301,Divo,5
28302,745Le xDrive,5
28303,S7 Sportback,5
28305,SEI 4,6
28307,V-Drive,5